date,equity
2016-08-22,1.0
2016-08-23,1.0
2016-08-24,1.0
2016-08-25,1.0
2016-08-26,1.0
2016-08-29,1.0
2016-08-30,1.0
2016-08-31,1.0
2016-09-01,1.0
2016-09-02,1.0
2016-09-05,1.0
2016-09-06,1.0
2016-09-07,1.0
2016-09-08,1.0
2016-09-09,1.0
2016-09-12,1.0
2016-09-13,1.0
2016-09-14,1.0
2016-09-15,1.0
2016-09-16,1.0
2016-09-19,1.0
2016-09-20,1.0
2016-09-21,1.0
2016-09-22,1.0
2016-09-23,1.0
2016-09-26,1.0
2016-09-27,1.0
2016-09-28,1.0
2016-09-29,1.0
2016-09-30,1.0
2016-10-03,1.0
2016-10-04,1.0
2016-10-05,1.0
2016-10-06,1.0
2016-10-07,1.0
2016-10-10,1.0
2016-10-11,1.0
2016-10-12,1.0
2016-10-13,1.0
2016-10-14,1.0
2016-10-17,1.0
2016-10-18,1.0
2016-10-19,1.0
2016-10-20,1.0
2016-10-21,1.0
2016-10-24,1.0
2016-10-25,1.0
2016-10-26,1.0
2016-10-27,1.0
2016-10-28,1.0
2016-10-31,1.0
2016-11-01,1.0
2016-11-02,1.0
2016-11-03,1.0
2016-11-04,1.0
2016-11-07,1.0
2016-11-08,1.0
2016-11-09,1.0
2016-11-10,1.0
2016-11-11,1.0
2016-11-14,1.0
2016-11-15,1.0
2016-11-16,1.0
2016-11-17,1.0
2016-11-18,1.0
2016-11-21,1.0
2016-11-22,1.0
2016-11-23,1.0
2016-11-24,1.0
2016-11-25,1.0
2016-11-28,1.0
2016-11-29,1.0
2016-11-30,1.0
2016-12-01,1.0
2016-12-02,1.0
2016-12-05,1.0
2016-12-06,1.0
2016-12-07,1.0
2016-12-08,1.0
2016-12-09,1.0
2016-12-12,1.0
2016-12-13,1.0
2016-12-14,1.0
2016-12-15,1.0
2016-12-16,1.0
2016-12-19,1.0
2016-12-20,1.0
2016-12-21,1.0
2016-12-22,1.0
2016-12-23,1.0
2016-12-26,1.0
2016-12-27,1.0
2016-12-28,1.0
2016-12-29,1.0
2016-12-30,1.0
2017-01-02,1.0
2017-01-03,1.0
2017-01-04,1.0
2017-01-05,1.0
2017-01-06,1.0
2017-01-09,1.0
2017-01-10,1.0
2017-01-11,1.0
2017-01-12,1.0
2017-01-13,1.0
2017-01-16,1.0
2017-01-17,1.0
2017-01-18,1.0
2017-01-19,1.0
2017-01-20,1.0
2017-01-23,1.0
2017-01-24,1.0
2017-01-25,1.0
2017-01-26,1.0
2017-01-27,1.0
2017-01-30,1.0
2017-01-31,1.0
2017-02-01,1.0
2017-02-02,1.0
2017-02-03,1.0
2017-02-06,1.0
2017-02-07,1.0
2017-02-08,1.0
2017-02-09,1.0
2017-02-10,1.0
2017-02-13,1.0
2017-02-14,1.0
2017-02-15,1.0
2017-02-16,1.0
2017-02-17,1.0
2017-02-20,1.0
2017-02-21,1.0
2017-02-22,1.0
2017-02-23,1.0
2017-02-24,1.0
2017-02-27,1.0
2017-02-28,1.0
2017-03-01,1.0
2017-03-02,1.0
2017-03-03,1.0
2017-03-06,1.0
2017-03-07,1.0
2017-03-08,1.0
2017-03-09,1.0
2017-03-10,1.0
2017-03-13,1.0
2017-03-14,1.0
2017-03-15,1.0
2017-03-16,1.0
2017-03-17,1.0
2017-03-20,1.0
2017-03-21,1.0
2017-03-22,1.0
2017-03-23,1.0
2017-03-24,1.0
2017-03-27,1.0
2017-03-28,1.0
2017-03-29,1.0
2017-03-30,1.0
2017-03-31,1.0
2017-04-03,1.0
2017-04-04,1.0
2017-04-05,1.0
2017-04-06,1.0
2017-04-07,1.0
2017-04-10,1.0
2017-04-11,1.0
2017-04-12,1.0
2017-04-13,1.0
2017-04-14,1.0
2017-04-17,1.0
2017-04-18,1.0
2017-04-19,1.0
2017-04-20,1.0
2017-04-21,1.0
2017-04-24,1.0
2017-04-25,1.0
2017-04-26,1.0
2017-04-27,1.0
2017-04-28,1.0
2017-05-01,1.0
2017-05-02,1.0
2017-05-03,1.0
2017-05-04,1.0
2017-05-05,1.0
2017-05-08,1.0
2017-05-09,1.0
2017-05-10,1.0
2017-05-11,1.0
2017-05-12,1.0
2017-05-15,1.0
2017-05-16,1.0
2017-05-17,1.0
2017-05-18,1.0
2017-05-19,1.0
2017-05-22,1.0
2017-05-23,1.0
2017-05-24,1.0
2017-05-25,1.0
2017-05-26,1.0
2017-05-29,1.0
2017-05-30,1.0
2017-05-31,1.0
2017-06-01,1.0
2017-06-02,1.0
2017-06-05,1.0
2017-06-06,1.0
2017-06-07,1.0
2017-06-08,1.0
2017-06-09,1.0
2017-06-12,1.0
2017-06-13,1.0
2017-06-14,1.0
2017-06-15,1.0
2017-06-16,1.0
2017-06-19,1.0
2017-06-20,1.0
2017-06-21,1.0
2017-06-22,1.0
2017-06-23,1.0
2017-06-26,1.0
2017-06-27,1.0
2017-06-28,1.0
2017-06-29,1.0
2017-06-30,1.0
2017-07-03,1.0
2017-07-04,1.0
2017-07-05,1.0
2017-07-06,1.0
2017-07-07,1.0
2017-07-10,1.0
2017-07-11,1.0
2017-07-12,1.0
2017-07-13,1.0
2017-07-14,1.0
2017-07-17,1.0
2017-07-18,1.0
2017-07-19,1.0
2017-07-20,1.0
2017-07-21,1.0
2017-07-24,1.0
2017-07-25,1.0
2017-07-26,1.0
2017-07-27,1.0
2017-07-28,1.0
2017-07-31,1.0
2017-08-01,1.0
2017-08-02,1.0
2017-08-03,1.0
2017-08-04,1.0
2017-08-07,1.0
2017-08-08,1.0
2017-08-09,1.0
2017-08-10,0.999704429905808
2017-08-11,0.9942592415462836
2017-08-14,0.9999814077372908
2017-08-15,0.998740171714689
2017-08-16,1.0029029697403908
2017-08-17,1.009577244424673
2017-08-18,0.9983862065114418
2017-08-21,1.004814343989433
2017-08-22,1.0055163454572456
2017-08-23,1.0087515000762217
2017-08-24,1.0078328206314235
2017-08-25,1.0096116000463002
2017-08-28,1.01586629872147
2017-08-29,1.0082898050041849
2017-08-30,1.0244703752276014
2017-08-31,1.0293508519529115
2017-09-01,1.0468589822777894
2017-09-04,1.0441389121639508
2017-09-05,1.0207786403936394
2017-09-06,1.0300083527072923
2017-09-07,1.024290564773715
2017-09-08,1.0266060784250597
2017-09-11,1.0529176289499609
2017-09-12,1.061423874766119
2017-09-13,1.079368515163154
2017-09-14,1.0643852808946415
2017-09-15,1.0787359171361643
2017-09-18,1.1027075092835508
2017-09-19,1.1065306856973505
2017-09-20,1.1185994747673154
2017-09-21,1.1175863653531466
2017-09-22,1.113130921459613
2017-09-25,1.0922618621913474
2017-09-26,1.081088401402099
2017-09-27,1.0934416781802594
2017-09-28,1.0925747569691804
2017-09-29,1.1054783469121416
2017-10-02,1.1139466574175254
2017-10-03,1.1109743614014593
2017-10-04,1.109532757027217
2017-10-05,1.124067783058977
2017-10-06,1.097138424393684
2017-10-09,1.094923889151446
2017-10-10,1.1146093427289705
2017-10-11,1.1285637216602389
2017-10-12,1.1297788390425136
2017-10-13,1.1385669520340755
2017-10-16,1.141811570203253
2017-10-17,1.1278513704290365
2017-10-18,1.1329004306367598
2017-10-19,1.1335425137449144
2017-10-20,1.1497030574762412
2017-10-23,1.1376584204045166
2017-10-24,1.1472265585705195
2017-10-25,1.1407739948646298
2017-10-26,1.150931862341549
2017-10-27,1.1354587312485938
2017-10-30,1.1157003542864885
2017-10-31,1.127164943113756
2017-11-01,1.133692646872179
2017-11-02,1.1361199189458053
2017-11-03,1.1308710387244885
2017-11-06,1.1309938254066199
2017-11-07,1.1260403823338367
2017-11-08,1.1284700731892252
2017-11-09,1.1166757755006567
2017-11-10,1.1043083403483733
2017-11-13,1.0996910988259347
2017-11-14,1.0884954684392523
2017-11-15,1.088833866430273
2017-11-16,1.1096483289718118
2017-11-17,1.1157629569235659
2017-11-20,1.0967017064134132
2017-11-21,1.1281417757848988
2017-11-22,1.1451739200670523
2017-11-23,1.1637089211385006
2017-11-24,1.1735996072090402
2017-11-27,1.163224319896315
2017-11-28,1.1835821511687281
2017-11-29,1.149181899542461
2017-11-30,1.1391781913513193
2017-12-01,1.1516858261247285
2017-12-04,1.1362097396647133
2017-12-05,1.1333531423914998
2017-12-06,1.11647351853348
2017-12-07,1.1047746932068436
2017-12-08,1.1134320085708684
2017-12-11,1.110139535901204
2017-12-12,1.1061896381755805
2017-12-13,1.1257337192657573
2017-12-14,1.1386337129004516
2017-12-15,1.148966070831952
2017-12-18,1.156102555672204
2017-12-19,1.1276082679953576
2017-12-20,1.1195646769665974
2017-12-21,1.1321401090146792
2017-12-22,1.1461131334496804
2017-12-25,1.1458860143289544
2017-12-26,1.1592373103790505
2017-12-27,1.179789876109128
2017-12-28,1.1977541334739146
2017-12-29,1.214234952442613
2018-01-01,1.2252407080280556
2018-01-02,1.247009060806839
2018-01-03,1.2864580712354543
2018-01-04,1.2948278093716368
2018-01-05,1.3147654726553353
2018-01-08,1.3100729616404898
2018-01-09,1.2885088239358156
2018-01-10,1.2707280638886618
2018-01-11,1.3091870891360997
2018-01-12,1.3590777427626648
2018-01-15,1.3872522913435916
2018-01-16,1.402919138894829
2018-01-17,1.4280845751758005
2018-01-18,1.4057869230595081
2018-01-19,1.4394695733559488
2018-01-22,1.4665316839189273
2018-01-23,1.4872197934384712
2018-01-24,1.523131454920698
2018-01-25,1.548757922155181
2018-01-26,1.5769738389189418
2018-01-29,1.567543631612083
2018-01-30,1.510451154839494
2018-01-31,1.5366942516508084
2018-02-01,1.5289514229467973
2018-02-02,1.4482020122675827
2018-02-05,1.2863377506515006
2018-02-06,1.29758678496717
2018-02-07,1.2643069959535513
2018-02-08,1.1948919955797521
2018-02-09,1.2105769184857658
2018-02-12,1.2288956015347947
2018-02-13,1.2418371123233067
2018-02-14,1.313529444204712
2018-02-15,1.3659975138521945
2018-02-16,1.3741415329512157
2018-02-19,1.3569962632427888
2018-02-20,1.3320666222581057
2018-02-21,1.3200830967720034
2018-02-22,1.3075774391670876
2018-02-23,1.337474554583668
2018-02-26,1.350431345157581
2018-02-27,1.3208978693733378
2018-02-28,1.272446659964298
2018-03-01,1.243962603394064
2018-03-02,1.2731477398544868
2018-03-05,1.2951038908986896
2018-03-06,1.3109587753478515
2018-03-07,1.3180003566804377
2018-03-08,1.3072035523399772
2018-03-09,1.3112968308975936
2018-03-12,1.3177228759497226
2018-03-13,1.319965682588297
2018-03-14,1.3261807188322638
2018-03-15,1.3238546120616497
2018-03-16,1.3035244630985228
2018-03-19,1.279194790138474
2018-03-20,1.2921782496450975
2018-03-21,1.3024162584072239
2018-03-22,1.2799464061275412
2018-03-23,1.2666197679303892
2018-03-26,1.313443180364091
2018-03-27,1.2876132383476857
2018-03-28,1.25950000665318
2018-03-29,1.2574513128048013
2018-03-30,1.2593962195277681
2018-04-02,1.2395250744126483
2018-04-03,1.248568619121863
2018-04-04,1.2495548082077472
2018-04-05,1.2671011801277081
2018-04-06,1.219611606994778
2018-04-09,1.24096589171064
2018-04-10,1.2814870369241829
2018-04-11,1.2978042861969143
2018-04-12,1.2953199297337838
2018-04-13,1.2885413397605119
2018-04-16,1.2922021575833216
2018-04-17,1.310248871888031
2018-04-18,1.3351885368571776
2018-04-19,1.3286567631752828
2018-04-20,1.3041338849419384
2018-04-23,1.2751072535397128
2018-04-24,1.2498410266958961
2018-04-25,1.255990515311664
2018-04-26,1.243958959929278
2018-04-27,1.2359985755018918
2018-04-30,1.2203124813034227
2018-05-01,1.2092117146548327
2018-05-02,1.1797263261277018
2018-05-03,1.175856401642091
2018-05-04,1.198729255708753
2018-05-07,1.193779756898664
2018-05-08,1.201170819227934
2018-05-09,1.2022958169968716
2018-05-10,1.2083333747737295
2018-05-11,1.2184023069943994
2018-05-14,1.2338200284341614
2018-05-15,1.218051639448401
2018-05-16,1.2104834169336762
2018-05-17,1.2068889213435334
2018-05-18,1.1842000125686265
2018-05-21,1.1916575486771674
2018-05-22,1.1967677059009247
2018-05-23,1.1836278617673126
2018-05-24,1.170410203816891
2018-05-25,1.1576252035579913
2018-05-28,1.1474415226445018
2018-05-29,1.0946097716503063
2018-05-30,1.1145809232330868
2018-05-31,1.1084115830649195
2018-06-01,1.1256668723187682
2018-06-04,1.130476412888042
2018-06-05,1.130296117678183
2018-06-06,1.157543652959379
2018-06-07,1.151182629955278
2018-06-08,1.1549699516032648
2018-06-11,1.1627592666794353
2018-06-12,1.1474483511583746
2018-06-13,1.144937574157088
2018-06-14,1.1359671447467132
2018-06-15,1.0711719587545545
2018-06-18,1.0712890958812276
2018-06-19,1.0488562012729168
2018-06-20,1.0502403242343528
2018-06-21,1.0301935663443904
2018-06-22,1.0551049121453675
2018-06-25,1.0306915693641914
2018-06-26,1.0382305110161192
2018-06-27,1.0058258852458275
2018-06-28,1.0071632953507663
2018-06-29,1.0137076091626467
2018-07-02,1.0052812865785554
2018-07-03,0.9906419200353034
2018-07-04,0.9942092996743863
2018-07-05,1.0044672961133507
2018-07-06,1.0133309957121048
2018-07-09,1.0396139404248421
2018-07-10,1.029914499895922
2018-07-11,0.9933930688156173
2018-07-12,0.9984991761848605
2018-07-13,0.9959700626489404
2018-07-16,0.9890800366428871
2018-07-17,0.9908313169666967
2018-07-18,1.0008899878425213
2018-07-19,0.9862907230765525
2018-07-20,0.9937185897669739
2018-07-23,0.9807904819371238
2018-07-24,1.0013420392102446
2018-07-25,1.0091058671360138
2018-07-26,1.0039432081151376
2018-07-27,1.0059838874340716
2018-07-30,1.0045837661624537
2018-07-31,0.9998836093086262
2018-08-01,1.0076111051054608
2018-08-02,1.0087204573216386
2018-08-03,1.0050500004537584
2018-08-06,0.999958937040095
2018-08-07,1.0059089351594845
2018-08-08,0.991399854928826
2018-08-09,0.9740519557348399
2018-08-10,0.9563365966793493
2018-08-13,0.9699319015815727
2018-08-14,0.9746669041872048
2018-08-15,0.981829940239481
2018-08-16,0.9823304740711026
2018-08-17,0.9718609322044558
2018-08-20,0.9519325662139795
2018-08-21,0.9416090536707081
2018-08-22,0.9276339629795493
2018-08-23,0.9375168229362472
2018-08-24,0.9482214521885491
2018-08-27,0.9399775703662757
2018-08-28,0.9436991498499274
2018-08-29,0.9498689527117316
2018-08-30,0.9460165490035887
2018-08-31,0.9465868389746355
2018-09-03,0.9607522337045973
2018-09-04,0.9715322561797689
2018-09-05,0.9828016352139295
2018-09-06,0.9676412313894898
2018-09-07,0.9766875438108862
2018-09-10,0.9824816181017448
2018-09-11,0.986620244658715
2018-09-12,0.9767592503660946
2018-09-13,0.9642687949873634
2018-09-14,0.9556844799056432
2018-09-17,0.9598902502914913
2018-09-18,0.9659630072028679
2018-09-19,0.9548808272287426
2018-09-20,0.9452100125549779
2018-09-21,0.9297791457244107
2018-09-24,0.9453027508559821
2018-09-25,0.9411723016720224
2018-09-26,0.927811570392371
2018-09-27,0.9291978167373917
2018-09-28,0.9259191314093002
2018-10-01,0.9494906322105101
2018-10-02,0.946394376188822
2018-10-03,0.9773963386145089
2018-10-04,1.0067692266006185
2018-10-05,1.002783526150586
2018-10-08,1.006464798966926
2018-10-09,0.999454514117413
2018-10-10,0.9804880232900872
2018-10-11,0.9437170330362247
2018-10-12,0.9443827331745551
2018-10-15,0.9387258673912492
2018-10-16,0.9308620282656718
2018-10-17,0.9351079977524657
2018-10-18,0.937882406798874
2018-10-19,0.9464486972194339
2018-10-22,0.9375059344640084
2018-10-23,0.9356182348419446
2018-10-24,0.930087982381062
2018-10-25,0.9474607862084007
2018-10-26,0.9400082020515569
2018-10-29,0.9427012621918178
2018-10-30,0.9459729544552572
2018-10-31,0.945733713382625
2018-11-01,0.9298639010682913
2018-11-02,0.9127231540748261
2018-11-05,0.9098713273246939
2018-11-06,0.9070893167077015
2018-11-07,0.8975809176475087
2018-11-08,0.9054302636515161
2018-11-09,0.9122080677947672
2018-11-12,0.9231953729076536
2018-11-13,0.9389129147901316
2018-11-14,0.9098440194156393
2018-11-15,0.9053510377414092
2018-11-16,0.899340168599837
2018-11-19,0.8800958332228627
2018-11-20,0.8912708027503383
2018-11-21,0.8909833093718715
2018-11-22,0.8849008199829723
2018-11-23,0.8925881787165885
2018-11-26,0.8971067648987231
2018-11-27,0.9049351036508817
2018-11-28,0.9091156490610787
2018-11-29,0.8904484560544671
2018-11-30,0.889736154120578
2018-12-03,0.8684914084501905
2018-12-04,0.8562430736365075
2018-12-05,0.8515924453119613
2018-12-06,0.8571571077465173
2018-12-07,0.8441195180554065
2018-12-10,0.8577124740158599
2018-12-11,0.8583156203669386
2018-12-12,0.8544116203138001
2018-12-13,0.8441468265066226
2018-12-14,0.8559146680600662
2018-12-17,0.8673373901248949
2018-12-18,0.8681732215487769
2018-12-19,0.8683678767095183
2018-12-20,0.876453969915776
2018-12-21,0.8964687310451055
2018-12-24,0.9170794538007457
2018-12-25,0.9182668770807674
2018-12-26,0.8981573140566176
2018-12-27,0.8895523584047437
2018-12-28,0.8784373701149399
2018-12-31,0.8709289527889135
2019-01-01,0.8715444779827859
2019-01-02,0.8658299017948443
2019-01-03,0.8982999425014815
2019-01-04,0.852782332653745
2019-01-07,0.8314145669507118
2019-01-08,0.8208827965265559
2019-01-09,0.8049677483233344
2019-01-10,0.8033251836357734
2019-01-11,0.8045311094066062
2019-01-14,0.8101822487514238
2019-01-15,0.805700350092264
2019-01-16,0.7989408783019745
2019-01-17,0.8017837016070949
2019-01-18,0.797609149533676
2019-01-21,0.8071165436969755
2019-01-22,0.8111632825378297
2019-01-23,0.8066739062035128
2019-01-24,0.7895649116565849
2019-01-25,0.7807538537859346
2019-01-28,0.7762179505409722
2019-01-29,0.7657585620147301
2019-01-30,0.7560411020010357
2019-01-31,0.7413694803257623
2019-02-01,0.740017076132908
2019-02-04,0.7439129995744217
2019-02-05,0.7437626895308256
2019-02-06,0.7524609041786403
2019-02-07,0.7747003808429275
2019-02-08,0.7789067333860628
2019-02-11,0.7813384997780569
2019-02-12,0.7830696406592761
2019-02-13,0.7761515258112203
2019-02-14,0.785721191587645
2019-02-15,0.77394256424771
2019-02-18,0.7684857854984535
2019-02-19,0.7612924396567311
2019-02-20,0.7506062620035706
2019-02-21,0.7493478819253621
2019-02-22,0.7528963715551885
2019-02-25,0.748722225502433
2019-02-26,0.7482231916803526
2019-02-27,0.736582950483513
2019-02-28,0.7413983840449392
2019-03-01,0.7471996839343948
2019-03-04,0.749569757468116
2019-03-05,0.7495421902295093
2019-03-06,0.7585525332135661
2019-03-07,0.7713859412874987
2019-03-08,0.7802996125025274
2019-03-11,0.773393313377549
2019-03-12,0.7645564458049481
2019-03-13,0.7615743687171647
2019-03-14,0.7540486372939387
2019-03-15,0.7568173753851103
2019-03-18,0.7477289766739664
2019-03-19,0.7423480933816365
2019-03-20,0.7459469289617305
2019-03-21,0.7435239802373718
2019-03-22,0.7716209931210304
2019-03-25,0.7684675559166132
2019-03-26,0.7659363182075525
2019-03-27,0.7797578591510258
2019-03-28,0.7932790789401104
2019-03-29,0.7940464288392645
2019-04-01,0.7759364811405762
2019-04-02,0.7796120827423145
2019-04-03,0.770406594585396
2019-04-04,0.7639278434091376
2019-04-05,0.769199292235414
2019-04-08,0.765704308507634
2019-04-09,0.7622534973122665
2019-04-10,0.7560171195673188
2019-04-11,0.7564025544220732
2019-04-12,0.7563473444205284
2019-04-15,0.7563949651996321
2019-04-16,0.7528686328989164
2019-04-17,0.7563800521367731
2019-04-18,0.7592133355989097
2019-04-19,0.7654623561634979
2019-04-22,0.7615114248556044
2019-04-23,0.7666453106572211
2019-04-24,0.7836751727574303
2019-04-25,0.7959381863842537
2019-04-26,0.7974914062949671
2019-04-29,0.7898645621420314
2019-04-30,0.7884424522064273
2019-05-01,0.7848789289662691
2019-05-02,0.7888277258685964
2019-05-03,0.7896718024161365
2019-05-06,0.7893386609574786
2019-05-07,0.8029965694661357
2019-05-08,0.8036984626920619
2019-05-09,0.8166798851477408
2019-05-10,0.8123547551946595
2019-05-13,0.8243305331627174
2019-05-14,0.8216340309834381
2019-05-15,0.8238100036137631
2019-05-16,0.8238843503060718
2019-05-17,0.846855842790995
2019-05-20,0.8460943897770999
2019-05-21,0.8405763463565322
2019-05-22,0.8547400098071947
2019-05-23,0.8821465741584215
2019-05-24,0.8611879823131595
2019-05-27,0.855388866042248
2019-05-28,0.8618752535476294
2019-05-29,0.8660704998712503
2019-05-30,0.876266600684348
2019-05-31,0.8933187241246544
2019-06-03,0.8893085005947589
2019-06-04,0.8732517555988533
2019-06-05,0.8792313287028384
2019-06-06,0.880493568349748
2019-06-07,0.8811208055261343
2019-06-10,0.8600173807436173
2019-06-11,0.8581989618072896
2019-06-12,0.8692298544418374
2019-06-13,0.8801871940708278
2019-06-14,0.8906847019915156
2019-06-17,0.9135173209620708
2019-06-18,0.9138702983129195
2019-06-19,0.9146235880979836
2019-06-20,0.9131047933688419
2019-06-21,0.9015851740233497
2019-06-24,0.9005507272028574
2019-06-25,0.9013956051776225
2019-06-26,0.8917770629989733
2019-06-27,0.8881582610588352
2019-06-28,0.8932108622800774
2019-07-01,0.8767440022108585
2019-07-02,0.9141810591534083
2019-07-03,0.9208396182061619
2019-07-04,0.9184828958956193
2019-07-05,0.8941804515302104
2019-07-08,0.8978832601496003
2019-07-09,0.9005229740577564
2019-07-10,0.9023421416095688
2019-07-11,0.8831274289317381
2019-07-12,0.8836300443236978
2019-07-15,0.8874333938158073
2019-07-16,0.8865160600562997
2019-07-17,0.9142753650042758
2019-07-18,0.9234880943945889
2019-07-19,0.9010047945785892
2019-07-22,0.9083468556134509
2019-07-23,0.9044397471427629
2019-07-24,0.9202032536748187
2019-07-25,0.9186368156403637
2019-07-26,0.9223417063287165
2019-07-29,0.9351823643003871
2019-07-30,0.9504811676164019
2019-07-31,0.9628473386856796
2019-08-01,1.0117263397127714
2019-08-02,1.0396488503678125
2019-08-05,1.0790979359335826
2019-08-06,1.0872734609072663
2019-08-07,1.0922816386856733
2019-08-08,1.0982573176367454
2019-08-09,1.0908225745489426
2019-08-12,1.1362649816162504
2019-08-13,1.1140687672086118
2019-08-14,1.14026424052077
2019-08-15,1.1722379525108386
2019-08-16,1.1536509297338935
2019-08-19,1.1249006884858512
2019-08-20,1.1420077696638864
2019-08-21,1.125243216524557
2019-08-22,1.1240901174769191
2019-08-23,1.147706163791072
2019-08-26,1.1485458238157644
2019-08-27,1.1520617568751375
2019-08-28,1.1456423379002827
2019-08-29,1.1282546733361953
2019-08-30,1.1308288111605793
2019-09-02,1.1430297061150023
2019-09-03,1.1632327724950242
2019-09-04,1.1450077046160967
2019-09-05,1.087929566026127
2019-09-06,1.072698572670224
2019-09-09,1.0511096605286405
2019-09-10,1.0205252366271698
2019-09-11,1.0187463040109905
2019-09-12,1.016789731922579
2019-09-13,0.9918779415348261
2019-09-16,0.9779020650621528
2019-09-17,0.9973703148181049
2019-09-18,0.9908472147669394
2019-09-19,0.9965568343222552
2019-09-20,1.008267743621943
2019-09-23,1.0213142511589455
2019-09-24,1.0412038627716955
2019-09-25,1.0250771805262269
2019-09-26,1.0409341220201827
2019-09-27,1.0505348747063656
2019-09-30,1.046526267970513
2019-10-01,1.0568001556698547
2019-10-02,1.0761922639988737
2019-10-03,1.0764987814411386
2019-10-04,1.0630701490340324
2019-10-07,1.0539535484578308
2019-10-08,1.0654737783595234
2019-10-09,1.0652960955199333
2019-10-10,1.0419673757037016
2019-10-11,1.002149111408971
2019-10-14,0.9876036846480941
2019-10-15,0.9917281331298088
2019-10-16,0.9875542334559826
2019-10-17,0.9823049800281886
2019-10-18,0.9658877423619976
2019-10-21,0.9636150879072114
2019-10-22,0.9655343441929154
2019-10-23,0.9658103752657422
2019-10-24,0.9649205723555192
2019-10-25,0.973899185910103
2019-10-28,0.9721394722691526
2019-10-29,0.9656107764488175
2019-10-30,0.9779859020577293
2019-10-31,0.978813335684695
2019-11-01,0.9830490495348494
2019-11-04,0.9728288998605893
2019-11-05,0.9656447663746148
2019-11-06,0.9754040432658002
2019-11-07,0.9657370795983865
2019-11-08,0.959209994910319
2019-11-11,0.9575807846864209
2019-11-12,0.9618951179860495
2019-11-13,0.9644443170286594
2019-11-14,0.9746156212491579
2019-11-15,0.9886615081909533
2019-11-18,0.988709579276106
2019-11-19,0.9970604422059507
2019-11-20,0.9908446659278156
2019-11-21,0.9827251664010318
2019-11-22,0.9857612970006856
2019-11-25,0.9955276393290486
2019-11-26,1.0040930960209304
2019-11-27,0.9960742042112287
2019-11-28,1.000602712699592
2019-11-29,0.9805921414084915
2019-12-02,0.9643018545180635
2019-12-03,0.9669065421641762
2019-12-04,0.9770786735528506
2019-12-05,0.9784016318543698
2019-12-06,0.9822475543806023
2019-12-09,0.9805717703561421
2019-12-10,0.9805096014401132
2019-12-11,0.9946853657312482
2019-12-12,0.9931294059004648
2019-12-13,1.001520143230949
2019-12-16,1.0027364930443856
2019-12-17,0.9990297321658166
2019-12-18,0.991183686000031
2019-12-19,0.9969493743468086
2019-12-20,0.9912399236490654
2019-12-23,0.987427268324237
2019-12-24,0.9897100634563788
2019-12-25,0.9888930137875072
2019-12-26,1.0069115350947981
2019-12-27,1.0112547056974344
2019-12-30,0.991107653299045
2019-12-31,0.9802307569676956
2020-01-01,0.981386251175834
2020-01-02,1.0129613416758483
2020-01-03,1.0188996657578286
2020-01-06,1.0233602341471681
2020-01-07,1.0157487382900312
2020-01-08,1.0225651370837023
2020-01-09,1.0199765423282383
2020-01-10,1.0228092640671127
2020-01-13,1.0190275203378314
2020-01-14,1.0209525432098225
2020-01-15,1.0221959088155956
2020-01-16,1.0243644170961417
2020-01-17,1.0325731227324246
2020-01-20,1.0425195318067633
2020-01-21,1.030551351481373
2020-01-22,1.0307467908873291
2020-01-23,1.0199015063446861
2020-01-24,1.024661222160262
2020-01-27,1.0209060536959422
2020-01-28,1.028818222132748
2020-01-29,1.0386699113992586
2020-01-30,1.0419236748924137
2020-01-31,1.0330648282354187
2020-02-03,1.04266635517658
2020-02-04,1.0286646244792654
2020-02-05,1.0205270246293532
2020-02-06,1.0245143144330686
2020-02-07,1.0223900701727384
2020-02-10,1.0495968737567307
2020-02-11,1.049257784844411
2020-02-12,1.0408194799840687
2020-02-13,1.0427007639738615
2020-02-14,1.047656427217209
2020-02-17,1.0468250601345819
2020-02-18,1.051353238743642
2020-02-19,1.0625846827490557
2020-02-20,1.052983095294869
2020-02-21,1.0666753492186674
2020-02-24,1.0307457639301292
2020-02-25,1.0216658596239006
2020-02-26,1.0217245727879831
2020-02-27,1.0464598149054403
2020-02-28,1.044425037254299
2020-03-02,1.0642060480036244
2020-03-03,1.073193199529242
2020-03-04,1.0634503147797256
2020-03-05,1.0924941182521195
2020-03-06,1.1424618229767147
2020-03-09,1.2215028517261168
2020-03-10,1.1382523858656035
2020-03-11,1.1505867304635127
2020-03-12,1.2330234711501011
2020-03-13,1.1926150201425347
2020-03-16,1.3472417909754326
2020-03-17,1.305943552857523
2020-03-18,1.3490697950895387
2020-03-19,1.3897174026668375
2020-03-20,1.4786673628299676
2020-03-23,1.5169693534391335
2020-03-24,1.4499646439744613
2020-03-25,1.3994358501052715
2020-03-26,1.382833023908415
2020-03-27,1.3738469558547366
2020-03-30,1.3427444319221389
2020-03-31,1.3456464389346252
2020-04-01,1.3876805847600056
2020-04-02,1.3874467215640163
2020-04-03,1.397142534477182
2020-04-06,1.3834625174959758
2020-04-07,1.3605777462237734
2020-04-08,1.3350035367848618
2020-04-09,1.332029937276117
2020-04-10,1.320304856888223
2020-04-13,1.3210204533130576
2020-04-14,1.31218498461144
2020-04-15,1.3320642568959262
2020-04-16,1.3494478117671083
2020-04-17,1.3230778104856522
2020-04-20,1.343184654530073
2020-04-21,1.3740497791548296
2020-04-22,1.3711696793561243
2020-04-23,1.379741403291829
2020-04-24,1.374724649219743
2020-04-27,1.3575046175807375
2020-04-28,1.355708862321387
2020-04-29,1.3350315637111363
2020-04-30,1.3197602131681716
2020-05-01,1.3327139040993583
2020-05-04,1.3415920483847183
2020-05-05,1.331477272994833
2020-05-06,1.3344254616241156
2020-05-07,1.3512247835611837
2020-05-08,1.3209055300852595
2020-05-11,1.313324866754061
2020-05-12,1.3270549737267232
2020-05-13,1.3401118534875536
2020-05-14,1.3441233172748857
2020-05-15,1.3417253765460186
2020-05-18,1.3156535175515014
2020-05-19,1.3057371748967204
2020-05-20,1.293408476859189
2020-05-21,1.2878676696278346
2020-05-22,1.3017536218832342
2020-05-25,1.3069867907218191
2020-05-26,1.2883256850762426
2020-05-27,1.2761620550663153
2020-05-28,1.2744894118765933
2020-05-29,1.2677952156702603
2020-06-01,1.253757403218009
2020-06-02,1.2307023111359874
2020-06-03,1.1930958869505712
2020-06-04,1.189950697469812
2020-06-05,1.1787433280259183
2020-06-08,1.1927409498508694
2020-06-09,1.1951400415512758
2020-06-10,1.197459439532721
2020-06-11,1.2094198895488795
2020-06-12,1.2048726653029436
2020-06-15,1.2064481170245687
2020-06-16,1.1790454872313263
2020-06-17,1.1916334447362207
2020-06-18,1.2020905241198634
2020-06-19,1.2107881514798156
2020-06-22,1.214823888872618
2020-06-23,1.1933490142109973
2020-06-24,1.2074006942724989
2020-06-25,1.2045736908702684
2020-06-26,1.2119800723758258
2020-06-29,1.2125199258799637
2020-06-30,1.2066070365568846
2020-07-01,1.1894629341932907
2020-07-02,1.176232130647328
2020-07-03,1.1754015501530868
2020-07-06,1.165040281162393
2020-07-07,1.1778296192934166
2020-07-08,1.1627528528353406
2020-07-09,1.1829975780834312
2020-07-10,1.1734298492717348
2020-07-13,1.1822621253016001
2020-07-14,1.1810069795401394
2020-07-15,1.1803349682304562
2020-07-16,1.1832879009441206
2020-07-17,1.1754082429738015
2020-07-20,1.1851720414938023
2020-07-21,1.1964194696958699
2020-07-22,1.222147613349557
2020-07-23,1.2350110572628157
2020-07-24,1.2332572220361508
2020-07-27,1.2390425067573296
2020-07-28,1.2731835054817278
2020-07-29,1.2791709313050268
2020-07-30,1.293244747704654
2020-07-31,1.322363959905147
2020-08-03,1.2889077909845088
2020-08-04,1.3015280859743996
2020-08-05,1.3136275427321458
2020-08-06,1.33329661489698
2020-08-07,1.3206475900592063
2020-08-10,1.296145715698312
2020-08-11,1.2603042529663218
2020-08-12,1.2525499523664896
2020-08-13,1.2614968487459879
2020-08-14,1.2599489104078607
2020-08-17,1.277466568595694
2020-08-18,1.2831675064979289
2020-08-19,1.2869759668700158
2020-08-20,1.267823759090307
2020-08-21,1.2845486896960605
2020-08-24,1.2696300996286984
2020-08-25,1.2630371663642537
2020-08-26,1.274447906964374
2020-08-27,1.2682636908758158
2020-08-28,1.2720675298562563
2020-08-31,1.3011303004069856
2020-09-01,1.3131670153314021
2020-09-02,1.327842240596751
2020-09-03,1.2972081562814344
2020-09-04,1.2764531182128
2020-09-07,1.2746991524055413
2020-09-08,1.2779234838906293
2020-09-09,1.258648810701575
2020-09-10,1.2608575208863397
2020-09-11,1.2506480868127674
2020-09-14,1.2593347831589816
2020-09-15,1.2638287916196775
2020-09-16,1.2569673793221685
2020-09-17,1.2525592679089477
2020-09-18,1.2485015802189654
2020-09-21,1.2591534679994547
2020-09-22,1.2422396630155756
2020-09-23,1.2146423123979795
2020-09-24,1.1998632531814954
2020-09-25,1.2056004563590919
2020-09-28,1.2013074807738355
2020-09-29,1.2228088191809396
2020-09-30,1.223045728341162
2020-10-01,1.238029182682926
2020-10-02,1.2331277887768939
2020-10-05,1.2213205121683457
2020-10-06,1.221276361250308
2020-10-07,1.2091525790172728
2020-10-08,1.220343124238694
2020-10-09,1.23465946765306
2020-10-12,1.2684740383193684
2020-10-13,1.2636751647459359
2020-10-14,1.2390744511313485
2020-10-15,1.2432577277697778
2020-10-16,1.2262679115141002
2020-10-19,1.2186832587094953
2020-10-20,1.2127489681434844
2020-10-21,1.2214301005191963
2020-10-22,1.233005772242751
2020-10-23,1.2350192430752178
2020-10-26,1.2484071215381827
2020-10-27,1.2480690741320453
2020-10-28,1.2458880678182642
2020-10-29,1.2358065863199534
2020-10-30,1.2093376905538635
2020-11-02,1.2072567419952742
2020-11-03,1.2014916962108195
2020-11-04,1.2673084507278907
2020-11-05,1.2670424369386464
2020-11-06,1.2913600304538524
2020-11-09,1.2597536916844903
2020-11-10,1.2112643322910237
2020-11-11,1.22442657962436
2020-11-12,1.2281960522315576
2020-11-13,1.2410621662686412
2020-11-16,1.2647915844159516
2020-11-17,1.2716830200382814
2020-11-18,1.2662538336809745
2020-11-19,1.2764882037781216
2020-11-20,1.281686830258785
2020-11-23,1.2787708823110209
2020-11-24,1.2635869767957635
2020-11-25,1.2682000495440624
2020-11-26,1.271893923098541
2020-11-27,1.2844587232073175
2020-11-30,1.2725765107084608
2020-12-01,1.2753594294548414
2020-12-02,1.279294467487653
2020-12-03,1.2962137915358076
2020-12-04,1.305963401264785
2020-12-07,1.3075616234643406
2020-12-08,1.3116015630057831
2020-12-09,1.2933388098395175
2020-12-10,1.2975487953420075
2020-12-11,1.3109012682851264
2020-12-14,1.2991825344959906
2020-12-15,1.310528424555343
2020-12-16,1.3232758338092612
2020-12-17,1.3350905304874647
2020-12-18,1.3412431434210261
2020-12-21,1.3165268506358978
2020-12-22,1.323371965662456
2020-12-23,1.3105351534060372
2020-12-24,1.3231465204664614
2020-12-25,1.3264275906217047
2020-12-28,1.3399077568337163
2020-12-29,1.3382539054650107
2020-12-30,1.35421628546234
2020-12-31,1.3778512246278662
2021-01-01,1.3700862679739017
2021-01-04,1.3860281275799928
2021-01-05,1.3743439813229545
2021-01-06,1.3723088401566133
2021-01-07,1.37351087086574
2021-01-08,1.3458660746032016
2021-01-11,1.3135816193552323
2021-01-12,1.3093861352224012
2021-01-13,1.3431098459047435
2021-01-14,1.3268952943127055
2021-01-15,1.3240415379547876
2021-01-18,1.3027032999593189
2021-01-19,1.321622603255545
2021-01-20,1.3513310152544502
2021-01-21,1.3538475772164646
2021-01-22,1.364396884311483
2021-01-25,1.3666328287750695
2021-01-26,1.360056704413461
2021-01-27,1.3397158774021647
2021-01-28,1.3156763836604648
2021-01-29,1.2896291339216164
2021-02-01,1.3132307521854722
2021-02-02,1.3122918869034934
2021-02-03,1.3016139444535044
2021-02-04,1.3021253699280013
2021-02-05,1.2918533042117795
2021-02-08,1.3317109892835644
2021-02-09,1.3480140837625652
2021-02-10,1.3775121040176665
2021-02-11,1.3756507786776644
2021-02-12,1.37368528733469
2021-02-15,1.3734052732788042
2021-02-16,1.3605275616453556
2021-02-17,1.341309202532375
2021-02-18,1.3267565386939617
2021-02-19,1.347298577136037
2021-02-22,1.3700473500214252
2021-02-23,1.392955869927211
2021-02-24,1.4042141607092962
2021-02-25,1.3726056632345602
2021-02-26,1.293006315668962
2021-03-01,1.3109620942361504
2021-03-02,1.303785760189921
2021-03-03,1.3144429597664886
2021-03-04,1.302432973923727
2021-03-05,1.3263902629388429
2021-03-08,1.3095513627261024
2021-03-09,1.2992933796733166
2021-03-10,1.321649189048318
2021-03-11,1.3609093336272358
2021-03-12,1.3892598856237763
2021-03-15,1.3712023654673968
2021-03-16,1.3677978095021195
2021-03-17,1.3781524042344735
2021-03-18,1.3656535322754826
2021-03-19,1.3635103701089482
2021-03-22,1.340812282177959
2021-03-23,1.3012578094370855
2021-03-24,1.2634595857505848
2021-03-25,1.2566238850221294
2021-03-26,1.2941889075051947
2021-03-29,1.309136910974775
2021-03-30,1.293584094701596
2021-03-31,1.3033027631580043
2021-04-01,1.3244634054608577
2021-04-02,1.3336272571213368
2021-04-05,1.350449314799406
2021-04-06,1.3502258449042002
2021-04-07,1.345094083550727
2021-04-08,1.3404646161141591
2021-04-09,1.3448576586092964
2021-04-12,1.3366479027142582
2021-04-13,1.3411083370305388
2021-04-14,1.35041610111391
2021-04-15,1.3682997482830388
2021-04-16,1.382659624460117
2021-04-19,1.3782468443275244
2021-04-20,1.3745490798730204
2021-04-21,1.3797014730589923
2021-04-22,1.369882230682735
2021-04-23,1.3760667964070146
2021-04-26,1.3946725156108142
2021-04-27,1.4143237269981492
2021-04-28,1.4241037383550224
2021-04-29,1.4396632866097914
2021-04-30,1.4168638368094437
2021-05-03,1.4111813865383627
2021-05-04,1.402910238976122
2021-05-05,1.4056596507518844
2021-05-06,1.4286621899503396
2021-05-07,1.4587766916837464
2021-05-10,1.4715370871204714
2021-05-11,1.4722433868937994
2021-05-12,1.4448701393742622
2021-05-13,1.4324892285994277
2021-05-14,1.4533486669518116
2021-05-17,1.4770467253704562
2021-05-18,1.4808667840695424
2021-05-19,1.4782798865355522
2021-05-20,1.4698937212604348
2021-05-21,1.4776592759375402
2021-05-24,1.4812850676267708
2021-05-25,1.485694482198405
2021-05-26,1.495242469971234
2021-05-27,1.49219095606775
2021-05-28,1.515504291320495
2021-05-31,1.5111080972164457
2021-06-01,1.5342047522479032
2021-06-02,1.533522061513314
2021-06-03,1.5149195316326727
2021-06-04,1.5120886166300977
2021-06-07,1.5239479463223453
2021-06-08,1.5138487185355693
2021-06-09,1.4923829803387036
2021-06-10,1.4839579699014511
2021-06-11,1.4830122434960622
2021-06-14,1.4802653071826002
2021-06-15,1.479012046931454
2021-06-16,1.4612104047304337
2021-06-17,1.3982008383693436
2021-06-18,1.3309416369696212
2021-06-21,1.3527697805956342
2021-06-22,1.3650054489739352
2021-06-23,1.3784750654123896
2021-06-24,1.3977838976707673
2021-06-25,1.4098681884261703
2021-06-28,1.395626138081628
2021-06-29,1.3815652111163341
2021-06-30,1.3592024671356095
2021-07-01,1.3635228817320484
2021-07-02,1.3553268414196837
2021-07-05,1.3612722294243917
2021-07-06,1.331135907478143
2021-07-07,1.307631300800628
2021-07-08,1.2821487409199428
2021-07-09,1.3093354740362828
2021-07-12,1.3364169490011228
2021-07-13,1.3419557101124704
2021-07-14,1.308225522532662
2021-07-15,1.2942704355347991
2021-07-16,1.2683843651867064
2021-07-19,1.2036718564023086
2021-07-20,1.2104451830331449
2021-07-21,1.2476081426862247
2021-07-22,1.2536737281907744
2021-07-23,1.2690898678398363
2021-07-26,1.2720183992157539
2021-07-27,1.2465452935440708
2021-07-28,1.2504335750151594
2021-07-29,1.2700641552783865
2021-07-30,1.2618869153049534
2021-08-02,1.2450776247538402
2021-08-03,1.2498056626739076
2021-08-04,1.243966054963596
2021-08-05,1.2621648098177283
2021-08-06,1.2929199050757718
2021-08-09,1.306279090998165
2021-08-10,1.3188337311617582
2021-08-11,1.3249879117201762
2021-08-12,1.3253178620075843
2021-08-13,1.2948722804074204
2021-08-16,1.273640256172342
2021-08-17,1.2498364649483518
2021-08-18,1.2300370694399771
2021-08-19,1.218558794720101
2021-08-20,1.22240677850552
2021-08-23,1.240772461028954
2021-08-24,1.2565721748887935
2021-08-25,1.2686167264516557
2021-08-26,1.2548647894139442
2021-08-27,1.2605492562184293
2021-08-30,1.2699499689892988
2021-08-31,1.2752078545689474
2021-09-01,1.285643758466791
2021-09-02,1.293136687877061
2021-09-03,1.3020078630047762
2021-09-06,1.3074729477233287
2021-09-07,1.3203441223260537
2021-09-08,1.2983598080487087
2021-09-09,1.277946570261424
2021-09-10,1.2874023592182773
2021-09-13,1.2895448494215986
2021-09-14,1.2670696959163752
2021-09-15,1.2740391451849473
2021-09-16,1.2864463736973302
2021-09-17,1.2631126807408448
2021-09-20,1.2054400928282276
2021-09-21,1.1991062406008814
2021-09-22,1.2063984412966973
2021-09-23,1.253919339905643
2021-09-24,1.2710690568034895
2021-09-27,1.274548962906909
2021-09-28,1.269978680126307
2021-09-29,1.2590637167363192
2021-09-30,1.2418473939754056
2021-10-01,1.2404445783452742
2021-10-04,1.2292089760541034
2021-10-05,1.2584964360469633
2021-10-06,1.2565740494371076
2021-10-07,1.289151944148538
2021-10-08,1.3043717735884368
2021-10-11,1.3080643027761747
2021-10-12,1.3061830889230857
2021-10-13,1.305417148529698
2021-10-14,1.321776039166504
2021-10-15,1.3658816608312467
2021-10-18,1.376895267113717
2021-10-19,1.3965412504613912
2021-10-20,1.4161758128897188
2021-10-21,1.414421786848241
2021-10-22,1.3856982407611422
2021-10-25,1.38161469767861
2021-10-26,1.3867632144996838
2021-10-27,1.3628296268295261
2021-10-28,1.3728866607121812
2021-10-29,1.3629256765904092
2021-11-01,1.388802710948906
2021-11-02,1.3744003346455431
2021-11-03,1.3796385387774872
2021-11-04,1.366920969738305
2021-11-05,1.3352987347221426
2021-11-08,1.3372456140964273
2021-11-09,1.3217969173791504
2021-11-10,1.3107183189539835
2021-11-11,1.331961604930887
2021-11-12,1.3360889170359442
2021-11-15,1.345987011224607
2021-11-16,1.362417637233006
2021-11-17,1.3621120781510418
2021-11-18,1.3605295622946858
2021-11-19,1.33895653232126
2021-11-22,1.369856262644918
2021-11-23,1.4016001027276246
2021-11-24,1.391569059062028
2021-11-25,1.4051943330959344
2021-11-26,1.3107076626364038
2021-11-29,1.305094069204824
2021-11-30,1.273869566750385
2021-12-01,1.2504620292808724
2021-12-02,1.2655726044504
2021-12-03,1.2529357309317561
2021-12-06,1.2897233810220046
2021-12-07,1.314693460396727
2021-12-08,1.325514049447018
2021-12-09,1.304167247929255
2021-12-10,1.3163544142552104
2021-12-13,1.2900711046218278
2021-12-14,1.299715088115591
2021-12-15,1.3270651003509226
2021-12-16,1.3069350452871074
2021-12-17,1.2710328791054253
2021-12-20,1.2953357848620717
2021-12-21,1.3152539270078545
2021-12-22,1.31197257847623
2021-12-23,1.30661239820919
2021-12-24,1.3039206063738278
2021-12-27,1.3134590298494246
2021-12-28,1.3186215998279294
2021-12-29,1.335839543277033
2021-12-30,1.3036523605751564
2021-12-31,1.3048176126065423
2022-01-03,1.3315121964224295
2022-01-04,1.3580295422718287
2022-01-05,1.3611183374026017
2022-01-06,1.3631283689261628
2022-01-07,1.3709120433991266
2022-01-10,1.346276814934824
2022-01-11,1.3394586112981661
2022-01-12,1.3311083107799888
2022-01-13,1.2883210380947505
2022-01-14,1.3005837997794873
2022-01-17,1.3170273876272007
2022-01-18,1.3274436475929365
2022-01-19,1.3202983199941658
2022-01-20,1.2967364072052052
2022-01-21,1.2756690886510118
2022-01-24,1.2817667485668955
2022-01-25,1.2884808211691252
2022-01-26,1.3140238598895206
2022-01-27,1.3305798560012747
2022-01-28,1.3743086204240365
2022-01-31,1.378635782342559
2022-02-01,1.3675404112564704
2022-02-02,1.3472835489674262
2022-02-03,1.3359339527822476
2022-02-04,1.3441595975425873
2022-02-07,1.3545311762683376
2022-02-08,1.3514496720518983
2022-02-09,1.3611760526766745
2022-02-10,1.3678923713470714
2022-02-11,1.3379898332959619
2022-02-14,1.3604592701200062
2022-02-15,1.3567143841594222
2022-02-16,1.350247251137925
2022-02-17,1.3272832159687447
2022-02-18,1.3159055989797153
2022-02-21,1.3254512986115605
2022-02-22,1.3314013371102587
2022-02-23,1.3492152826377177
2022-02-24,1.3688031697907923
2022-02-25,1.3939769588041253
2022-02-28,1.3768967793251057
2022-03-01,1.3788826461495105
2022-03-02,1.4030311443960215
2022-03-03,1.4161496366479718
2022-03-04,1.4507386478085258
2022-03-07,1.5110632228832221
2022-03-08,1.5540995199366883
2022-03-09,1.490614674324171
2022-03-10,1.4816388086265857
2022-03-11,1.504531408524656
2022-03-14,1.5444005676709889
2022-03-15,1.5553029688306421
2022-03-16,1.5149851291851337
2022-03-17,1.5207090405414827
2022-03-18,1.4771216196081007
2022-03-21,1.531430426355336
2022-03-22,1.5398306726990434
2022-03-23,1.5435411314854868
2022-03-24,1.5550155827206111
2022-03-25,1.5894216812809205
2022-03-28,1.568043242807257
2022-03-29,1.5714761355789433
2022-03-30,1.5583894758248493
2022-03-31,1.5360883132109704
2022-04-01,1.5381733380794993
2022-04-04,1.56025662223875
2022-04-05,1.5846616897940642
2022-04-06,1.6101324071540504
2022-04-07,1.6335679217203876
2022-04-08,1.6588498591963086
2022-04-11,1.6805295442979384
2022-04-12,1.7086350717274772
2022-04-13,1.7127570904230776
2022-04-14,1.7134917298775059
2022-04-15,1.7395144080586722
2022-04-18,1.762927901796188
2022-04-19,1.7828514315100028
2022-04-20,1.7824590557133129
2022-04-21,1.7631730492395372
2022-04-22,1.7722761373109872
2022-04-25,1.7971133509020285
2022-04-26,1.8175955250843865
2022-04-27,1.8434686876439288
2022-04-28,1.8525459043203067
2022-04-29,1.8894359072560358
2022-05-02,1.8866847704729919
2022-05-03,1.8825471819038493
2022-05-04,1.8770869134077453
2022-05-05,1.867369459366759
2022-05-06,1.9587606809612856
2022-05-09,1.981148137694729
2022-05-10,1.960146560808447
2022-05-11,1.9676918823308491
2022-05-12,1.967410086102037
2022-05-13,1.969342102948588
2022-05-16,1.9578936395520803
2022-05-17,1.9251599275046751
2022-05-18,1.9079558803612815
2022-05-19,1.9041893020007241
2022-05-20,1.854224919007097
2022-05-23,1.8452690698121765
2022-05-24,1.8122320354558175
2022-05-25,1.7961061492186725
2022-05-26,1.7914258030611476
2022-05-27,1.7661145861793768
2022-05-30,1.7606433153488483
2022-05-31,1.7785181026829187
2022-06-01,1.809209581740819
2022-06-02,1.8150845205828885
2022-06-03,1.81675406234951
2022-06-06,1.8544681692719123
2022-06-07,1.849622514856688
2022-06-08,1.8642920413164081
2022-06-09,1.9198869024862435
2022-06-10,1.9713388188245118
2022-06-13,2.1083915078963336
2022-06-14,2.150521751985406
2022-06-15,2.117252086090015
2022-06-16,2.093812452006673
2022-06-17,2.0291381248626235
2022-06-20,2.077886370468629
2022-06-21,2.0581843425166255
2022-06-22,2.0412897742638845
2022-06-23,2.014126799840549
2022-06-24,1.9894217229865945
2022-06-27,1.9924035448009796
2022-06-28,2.009751300596804
2022-06-29,2.007515265640348
2022-06-30,2.005541249617073
2022-07-01,1.9775244024612446
2022-07-04,1.9899529893342396
2022-07-05,1.9508860309281706
2022-07-06,2.011181037611051
2022-07-07,2.029959085636325
2022-07-08,2.0348563510193385
2022-07-11,2.047587538439761
2022-07-12,2.0742779639303164
2022-07-13,2.063179180716953
2022-07-14,2.1004939228844464
2022-07-15,2.0930052687068215
2022-07-18,2.083003005207897
2022-07-19,2.050222823869174
2022-07-20,2.033581895817928
2022-07-21,1.9926670268547797
2022-07-22,1.9557075215920816
2022-07-25,1.967134934282869
2022-07-26,1.9694213494921202
2022-07-27,1.960202929763658
2022-07-28,1.9006925422613956
2022-07-29,1.8814853226665618
2022-08-01,1.8537852495898541
2022-08-02,1.8606097555326186
2022-08-03,1.8769462695148769
2022-08-04,1.8522435679648017
2022-08-05,1.8649104717635971
2022-08-08,1.884909182294095
2022-08-09,1.8846132243008147
2022-08-10,1.8744701402592423
2022-08-11,1.8488326170338378
2022-08-12,1.8286557176160831
2022-08-15,1.826348459617984
2022-08-16,1.8446314049150008
2022-08-17,1.8732401855673522
2022-08-18,1.8967823769021286
2022-08-19,1.959319910276682
2022-08-22,2.0183124192166435
2022-08-23,2.0412293868416063
2022-08-24,2.0296655376712063
2022-08-25,1.994548371164718
2022-08-26,2.019243906538285
2022-08-29,2.072078305334908
2022-08-30,2.0716025006129417
2022-08-31,2.093793801834181
2022-09-01,2.132984292191969
2022-09-02,2.1553354532230276
2022-09-05,2.170053086188172
2022-09-06,2.1916182720930686
2022-09-07,2.183349427820715
2022-09-08,2.1916440176710923
2022-09-09,2.166277432230743
2022-09-12,2.12268203978194
2022-09-13,2.162538926626099
2022-09-14,2.228299140241735
2022-09-15,2.2325372463648443
2022-09-16,2.264988259954672
2022-09-19,2.248234884717252
2022-09-20,2.2816072948480715
2022-09-21,2.3048287746362877
2022-09-22,2.3974517702260933
2022-09-23,2.4052110842580423
2022-09-26,2.559965570199052
2022-09-27,2.6251902243859675
2022-09-28,2.5535988648570522
2022-09-29,2.5500474878206845
2022-09-30,2.519178424530859
2022-10-03,2.478104722644296
2022-10-04,2.386846100113283
2022-10-05,2.3849435479882457
2022-10-06,2.438270802979147
2022-10-07,2.5501870913414755
2022-10-10,2.618687012466111
2022-10-11,2.641812082853847
2022-10-12,2.649121712143083
2022-10-13,2.6408338014778687
2022-10-14,2.6622576851835738
2022-10-17,2.6490008636345244
2022-10-18,2.5936676053315932
2022-10-19,2.651355501300953
2022-10-20,2.7156080330187318
2022-10-21,2.676438795588277
2022-10-24,2.6466716576314235
2022-10-25,2.6005298625822544
2022-10-26,2.535772422056083
2022-10-27,2.471042785395748
2022-10-28,2.499765756723248
2022-10-31,2.5434129139430532
2022-11-01,2.5517555123291764
2022-11-02,2.5867646883787563
2022-11-03,2.631315544745246
2022-11-04,2.6201369704702064
2022-11-07,2.5499323708503594
2022-11-08,2.464052502328413
2022-11-09,2.452751995846438
2022-11-10,2.3383916713846915
2022-11-11,2.2204520644934216
2022-11-14,2.179788560631853
2022-11-15,2.153445964825385
2022-11-16,2.114283959200706
2022-11-17,2.1278174511968566
2022-11-18,2.1567390611035955
2022-11-21,2.169757832831038
2022-11-22,2.176833063612518
2022-11-23,2.117160259833955
2022-11-24,2.0755687057707504
2022-11-25,2.0660795938883987
2022-11-28,2.0970299627471656
2022-11-29,2.1108044546659728
2022-11-30,2.0605313374146186
2022-12-01,1.977874945414626
2022-12-02,1.9307193911701985
2022-12-05,1.938207342402655
2022-12-06,1.9583672264376206
2022-12-07,1.9405053786328044
2022-12-08,1.9225619396645466
2022-12-09,1.9382162875365998
2022-12-12,1.93378889594371
2022-12-13,1.916882915103732
2022-12-14,1.8847776745951093
2022-12-15,1.8890863217451672
2022-12-16,1.9389811478360797
2022-12-19,1.9604005080788547
2022-12-20,1.9646002525665958
2022-12-21,1.922771350534425
2022-12-22,1.9297149178672761
2022-12-23,1.9506100423617396
2022-12-26,1.942788037342224
2022-12-27,1.9518749221746583
2022-12-28,1.9798285135379445
2022-12-29,1.945422210744072
2022-12-30,1.9596069458351724
2023-01-02,1.9340241751003677
2023-01-03,1.903094810478346
2023-01-04,1.8924375729812746
2023-01-05,1.8774283163697816
2023-01-06,1.868380269685567
2023-01-09,1.8210365008176455
2023-01-10,1.8195418416172628
2023-01-11,1.8063617201217241
2023-01-12,1.7837766138395426
2023-01-13,1.767345092516022
2023-01-16,1.762763635397373
2023-01-17,1.7717335204641818
2023-01-18,1.7490657434409764
2023-01-19,1.7684200914940102
2023-01-20,1.764355534620282
2023-01-23,1.7581893236843331
2023-01-24,1.7489261090087278
2023-01-25,1.7428956648454335
2023-01-26,1.7199946345191368
2023-01-27,1.7240513226662795
2023-01-30,1.7400770606309957
2023-01-31,1.7456396218964823
2023-02-01,1.7257951235414277
2023-02-02,1.674791167639476
2023-02-03,1.6958342734569885
2023-02-06,1.77057919371367
2023-02-07,1.7875147410441632
2023-02-08,1.7727001096819068
2023-02-09,1.7805266864375764
2023-02-10,1.7952635273504756
2023-02-13,1.7866489413580868
2023-02-14,1.7798125482569715
2023-02-15,1.794445985447136
2023-02-16,1.8371067361382203
2023-02-17,1.841818026291072
2023-02-20,1.8369974425987798
2023-02-21,1.8747594942097634
2023-02-22,1.880335358549293
2023-02-23,1.880273886382173
2023-02-24,1.921686126506142
2023-02-27,1.9291954359422328
2023-02-28,1.9152993241932266
2023-03-01,1.932571600445548
2023-03-02,1.9199341024915548
2023-03-03,1.8811313413411168
2023-03-06,1.8812168570821688
2023-03-07,1.9199792868910024
2023-03-08,1.9743891786931373
2023-03-09,1.9767854988897415
2023-03-10,1.9061017156536646
2023-03-13,1.8537261801421108
2023-03-14,1.8433435847071087
2023-03-15,1.8204196374949695
2023-03-16,1.8261742168878885
2023-03-17,1.7980933674787483
2023-03-20,1.7681950660858745
2023-03-21,1.7365415352664448
2023-03-22,1.7399437625209169
2023-03-23,1.7167804712057655
2023-03-24,1.7094801398515105
2023-03-27,1.7220731639312363
2023-03-28,1.7054504319697619
2023-03-29,1.685271804186589
2023-03-30,1.6812387999437897
2023-03-31,1.6454504899127438
2023-04-03,1.6339561012010926
2023-04-04,1.6022102016739925
2023-04-05,1.5974560720223292
2023-04-06,1.5869189277475584
2023-04-07,1.5970886689738988
2023-04-10,1.6100426118288629
2023-04-11,1.6136825745479548
2023-04-12,1.6131940007326317
2023-04-13,1.6031152866180003
2023-04-14,1.5944705097237342
2023-04-17,1.617155090504682
2023-04-18,1.6174275722828262
2023-04-19,1.621228478242957
2023-04-20,1.6255579714838126
2023-04-21,1.6259075888526509
2023-04-24,1.622479428983851
2023-04-25,1.6252744342459022
2023-04-26,1.6295367850721403
2023-04-27,1.6418731267325837
2023-04-28,1.6174867864701181
2023-05-01,1.6616308324653857
2023-05-02,1.6608354731204829
2023-05-03,1.6619019768130834
2023-05-04,1.6713566795725805
2023-05-05,1.6401504602412416
2023-05-08,1.6522527413542267
2023-05-09,1.6533241776957304
2023-05-10,1.6401172208726529
2023-05-11,1.6302373645471255
2023-05-12,1.6419916891697108
2023-05-15,1.6507694326883386
2023-05-16,1.64047946082584
2023-05-17,1.6520801321631202
2023-05-18,1.669238945881372
2023-05-19,1.690500594953448
2023-05-22,1.6805156320069274
2023-05-23,1.6773960836284958
2023-05-24,1.6703353234560174
2023-05-25,1.6966704669740231
2023-05-26,1.6975027938254394
2023-05-29,1.6961658363377083
2023-05-30,1.6961251614151673
2023-05-31,1.6862179057909685
2023-06-01,1.6827468997609747
2023-06-02,1.6901637075149116
2023-06-05,1.6820873300986152
2023-06-06,1.6757282169640928
2023-06-07,1.663066756379915
2023-06-08,1.6690243677300454
2023-06-09,1.6778704691464825
2023-06-12,1.6855152600487147
2023-06-13,1.6846675569045662
2023-06-14,1.6903478934902658
2023-06-15,1.6985260575694339
2023-06-16,1.7045860931693546
2023-06-19,1.7179525389539638
2023-06-20,1.6859205950693692
2023-06-21,1.671102360263712
2023-06-22,1.690520074178469
2023-06-23,1.6901640342622106
2023-06-26,1.6878000387310237
2023-06-27,1.7015019065653845
2023-06-28,1.710103568320682
2023-06-29,1.7311793709252217
2023-06-30,1.7238199000296117
2023-07-03,1.731081717030883
2023-07-04,1.7306894051989425
2023-07-05,1.7255219960873902
2023-07-06,1.7367345630961615
2023-07-07,1.7452102379943577
2023-07-10,1.741239918605721
2023-07-11,1.738721194946088
2023-07-12,1.7313963184557395
2023-07-13,1.7292243724047869
2023-07-14,1.7367802977157332
2023-07-17,1.7486080761166412
2023-07-18,1.7542400638509852
2023-07-19,1.7399625298001649
2023-07-20,1.735342171525987
2023-07-21,1.7173707400255267
2023-07-24,1.732545182523606
2023-07-25,1.7317540822570643
2023-07-26,1.7339836259576114
2023-07-27,1.7356821029062928
2023-07-28,1.732415794395352
2023-07-31,1.76011249908002
2023-08-01,1.7551987903874404
2023-08-02,1.7462632941531768
2023-08-03,1.757397769519078
2023-08-04,1.7293446238365966
2023-08-07,1.7482572193037784
2023-08-08,1.725758019175158
2023-08-09,1.710452595819255
2023-08-10,1.7323321322835241
2023-08-11,1.7334802217440068
2023-08-14,1.7406054129161823
2023-08-15,1.738870342094018
2023-08-16,1.744635655757114
2023-08-17,1.7435071694971704
2023-08-18,1.7380118456025142
2023-08-21,1.756388311590252
2023-08-22,1.760859348467784
2023-08-23,1.7382505805888802
2023-08-24,1.71535238053344
2023-08-25,1.7155387749508804
2023-08-28,1.7231155071399116
2023-08-29,1.7321797408296593
2023-08-30,1.7367256175181158
2023-08-31,1.7454965450158617
2023-09-01,1.7352299664284712
2023-09-04,1.7285168597764355
2023-09-05,1.7265082261816511
2023-09-06,1.7174741430090286
2023-09-07,1.697458752921174
2023-09-08,1.689009789086064
2023-09-11,1.7166336112837954
2023-09-12,1.6994706724146822
2023-09-13,1.693703836828355
2023-09-14,1.7039519164822627
2023-09-15,1.681727438236745
2023-09-18,1.684028706596684
2023-09-19,1.686864909027767
2023-09-20,1.6662345828636287
2023-09-21,1.6356671735379122
2023-09-22,1.6331653067322074
2023-09-25,1.6359357638427525
2023-09-26,1.6000765102654648
2023-09-27,1.5896850391097235
2023-09-28,1.5788300595392664
2023-09-29,1.581870086280909
2023-10-02,1.5778574688156233
2023-10-03,1.5406677648590166
2023-10-04,1.4982275468864688
2023-10-05,1.5169013103483366
2023-10-06,1.5676753179712564
2023-10-09,1.546943966863226
2023-10-10,1.5838572251210665
2023-10-11,1.59339671212061
2023-10-12,1.6044297539690655
2023-10-13,1.5544641859993031
2023-10-16,1.5747096455454928
2023-10-17,1.5945473778007482
2023-10-18,1.5792488740570254
2023-10-19,1.5777891109110818
2023-10-20,1.5536154693129849
2023-10-23,1.5398098327191734
2023-10-24,1.5538905853349168
2023-10-25,1.5372865354513567
2023-10-26,1.5170412879145436
2023-10-27,1.5128861302253498
2023-10-30,1.5342292330219403
2023-10-31,1.5410533200083727
2023-11-01,1.5558982952225389
2023-11-02,1.554110943025553
2023-11-03,1.5749298705755148
2023-11-06,1.588360653835815
2023-11-07,1.588227006935227
2023-11-08,1.5754256480979811
2023-11-09,1.5989302568887374
2023-11-10,1.5994608429929462
2023-11-13,1.6014221738213394
2023-11-14,1.6312197173284373
2023-11-15,1.6678451947069433
2023-11-16,1.6691158950981568
2023-11-17,1.666574707050545
2023-11-20,1.663709146163101
2023-11-21,1.6463272368927757
2023-11-22,1.649383946926989
2023-11-23,1.65640438417076
2023-11-24,1.68485656153996
2023-11-27,1.6777026816658895
2023-11-28,1.6686831636741788
2023-11-29,1.6434221623789058
2023-11-30,1.6653968251273072
2023-12-01,1.674938288728047
2023-12-04,1.6370230372497439
2023-12-05,1.6283793578551387
2023-12-06,1.6342387306986705
2023-12-07,1.637928425460097
2023-12-08,1.6159280833945986
2023-12-11,1.620007662805
2023-12-12,1.6398505040252216
2023-12-13,1.645964299037033
2023-12-14,1.6200815991734672
2023-12-15,1.6148446090251998
2023-12-18,1.6361384234631382
2023-12-19,1.6503815305998228
2023-12-20,1.613452870356639
2023-12-21,1.6373276748849017
2023-12-22,1.6370125407534069
2023-12-25,1.6410292243916096
2023-12-26,1.6508600553992365
2023-12-27,1.6545450806274598
2023-12-28,1.6599484480430768
2023-12-29,1.6553096746256493
2024-01-01,1.6512274468055392
2024-01-02,1.6348778306028424
2024-01-03,1.5988221397017623
2024-01-04,1.610873580778991
2024-01-05,1.6354670291486588
2024-01-08,1.6473079198951806
2024-01-09,1.6329441857806453
2024-01-10,1.6475249982270241
2024-01-11,1.6485061489589856
2024-01-12,1.652758339278806
2024-01-15,1.6473100893022463
2024-01-16,1.6669166361196097
2024-01-17,1.664636056728378
2024-01-18,1.695214898373214
2024-01-19,1.7001387954184553
2024-01-22,1.6964428917939598
2024-01-23,1.7041357373900614
2024-01-24,1.6991971566020643
2024-01-25,1.6984846920389771
2024-01-26,1.6947023957714447
2024-01-29,1.7031607354634084
2024-01-30,1.6898312960602468
2024-01-31,1.669894791286917
2024-02-01,1.6774437500911512
2024-02-02,1.7118848547599221
2024-02-05,1.718936215482402
2024-02-06,1.6970697124992962
2024-02-07,1.7009376104164047
2024-02-08,1.712444592124448
2024-02-09,1.7254037069243506
2024-02-12,1.7176959483522893
2024-02-13,1.716035143079474
2024-02-14,1.7280670357378436
2024-02-15,1.728398552812815
2024-02-16,1.7319060843881442
2024-02-19,1.7333044073583304
2024-02-20,1.7330068594345456
2024-02-21,1.743092524302086
2024-02-22,1.7729520763819402
2024-02-23,1.7764547614100439
2024-02-26,1.7662228052530857
2024-02-27,1.7817401518006006
2024-02-28,1.7637901225258599
2024-02-29,1.7734420145767753
2024-03-01,1.7889921955545514
2024-03-04,1.8032724569771628
2024-03-05,1.7926216410625153
2024-03-06,1.8071298262103956
2024-03-07,1.8224061903750446
2024-03-08,1.8211345583260137
2024-03-11,1.80797738187838
2024-03-12,1.8256696823022946
2024-03-13,1.8303414633959267
2024-03-14,1.8364323197940111
2024-03-15,1.8158904884346572
2024-03-18,1.8387073356525911
2024-03-19,1.8346742826191529
2024-03-20,1.882717224136719
2024-03-21,1.8912505499124113
2024-03-22,1.8384591766526976
2024-03-25,1.8428671980838738
2024-03-26,1.8301648419445595
2024-03-27,1.8398255720242556
2024-03-28,1.843757785065369
2024-03-29,1.8501963961071302
2024-04-01,1.8756782645019145
2024-04-02,1.8816699058147288
2024-04-03,1.8767788767649092
2024-04-04,1.8308980560750923
2024-04-05,1.8613486946419449
2024-04-08,1.8828848828583602
2024-04-09,1.880148442731581
2024-04-10,1.869161287237771
2024-04-11,1.9329626387751304
2024-04-12,1.8731170628664384
2024-04-15,1.8978352454046181
2024-04-16,1.9105272735868257
2024-04-17,1.9095396093369765
2024-04-18,1.8931145758154344
2024-04-19,1.888596406740154
2024-04-22,1.9013744245516655
2024-04-23,1.9201508963156055
2024-04-24,1.9003096369515344
2024-04-25,1.906209013839225
2024-04-26,1.9114702321007762
2024-04-29,1.9337558451710535
2024-04-30,1.8529054914004188
2024-05-01,1.889657446553061
2024-05-02,1.8854801249296946
2024-05-03,1.868857066568163
2024-05-06,1.892625298822854
2024-05-07,1.8842818999153599
2024-05-08,1.8878793896246169
2024-05-09,1.9100521864136546
2024-05-10,1.917406151576959
2024-05-13,1.91424396899046
2024-05-14,1.9372900186503084
2024-05-15,1.9688258098713909
2024-05-16,1.9872571291723453
2024-05-17,2.0280361491354197
2024-05-20,2.055262364068004
2024-05-21,2.0350546403445606
2024-05-22,1.9900334224433027
2024-05-23,1.9533339951365285
2024-05-24,1.9644108794481163
2024-05-27,1.971348372063485
2024-05-28,2.0166614765154436
2024-05-29,1.9833479596297146
2024-05-30,1.9481999031341466
2024-05-31,1.9392085614470622
2024-06-03,1.9309841776679617
2024-06-04,1.891866695939229
2024-06-05,1.9210999532563022
2024-06-06,1.9493114072562578
2024-06-07,1.909976990170399
2024-06-10,1.961868721523247
2024-06-11,1.9156273381639628
2024-06-12,1.9334973173338537
2024-06-13,1.880801291296384
2024-06-14,1.8804083306113402
2024-06-17,1.9103368606583195
2024-06-18,1.9060877369186218
2024-06-19,1.9120700567241309
2024-06-20,1.9248370916541093
2024-06-21,1.8991249610012266
2024-06-24,1.9094534980546394
2024-06-25,1.8832399925553518
2024-06-26,1.8932268046512373
2024-06-27,1.9181268467664636
2024-06-28,1.9271409364865557
2024-07-01,1.966459179668878
2024-07-02,1.973763949285565
2024-07-03,1.9801132953487355
2024-07-04,1.9587758652067284
2024-07-05,1.961070991908109
2024-07-08,1.9203378824510424
2024-07-09,1.921438930481965
2024-07-10,1.9545104669229079
2024-07-11,1.94032168077916
2024-07-12,1.9323632290290107
2024-07-15,1.9430392983636797
2024-07-16,1.9476305412163228
2024-07-17,1.910224135198249
2024-07-18,1.8801455365398663
2024-07-19,1.8743028900105672
2024-07-22,1.897353501071028
2024-07-23,1.8804888553886177
2024-07-24,1.837809196274682
2024-07-25,1.788673101801001
2024-07-26,1.8016690683820087
2024-07-29,1.798524212164606
2024-07-30,1.7967467934243024
2024-07-31,1.799442635113729
2024-08-01,1.741399855701067
2024-08-02,1.6910402734161665
2024-08-05,1.5969300076521256
2024-08-06,1.587537755998527
2024-08-07,1.552538805041513
2024-08-08,1.5770855394035606
2024-08-09,1.5768937741853768
2024-08-12,1.5714954026902415
2024-08-13,1.6193850183326373
2024-08-14,1.6543079207568554
2024-08-15,1.6565277610337716
2024-08-16,1.6969440626437817
2024-08-19,1.7455170315576838
2024-08-20,1.7710682388929098
2024-08-21,1.7930590948914162
2024-08-22,1.773414047002187
2024-08-23,1.7849447425894998
2024-08-26,1.8178903604797543
2024-08-27,1.813872925360824
2024-08-28,1.8243535090259495
2024-08-29,1.7972546105548393
2024-08-30,1.7885656068725895
2024-09-02,1.7652635365905762
2024-09-03,1.7621630390604797
2024-09-04,1.7668804456042513
2024-09-05,1.7942404065541302
2024-09-06,1.781997873918205
2024-09-09,1.7874681781086497
2024-09-10,1.7865078203503348
2024-09-11,1.7946877384189082
2024-09-12,1.7957640715560925
2024-09-13,1.8467097083009318
2024-09-16,1.8614061994208129
2024-09-17,1.8676824328090973
2024-09-18,1.8377505704867994
2024-09-19,1.8640659573010072
2024-09-20,1.8822745132364656
2024-09-23,1.8865045538966951
2024-09-24,1.9131121115468313
2024-09-25,1.9356330105768058
2024-09-26,1.9367918547342566
2024-09-27,1.9622379860413721
2024-09-30,1.955521261989645
2024-10-01,1.9326670240584267
2024-10-02,1.8977712671277536
2024-10-03,1.840492423301666
2024-10-04,1.8058709640769957
2024-10-07,1.7516116580543433
2024-10-08,1.7496184957069563
2024-10-09,1.7444498636346013
2024-10-10,1.7156376125828587
2024-10-11,1.7326965036092423
2024-10-14,1.7372152316758058
2024-10-15,1.732140162342473
2024-10-16,1.7413003460598169
2024-10-17,1.711763126289995
2024-10-18,1.7378968840442488
2024-10-21,1.718539721387654
2024-10-22,1.683865082482358
2024-10-23,1.6642722286564549
2024-10-24,1.6697708550549153
2024-10-25,1.6672409672966069
2024-10-28,1.6784609142163702
2024-10-29,1.6875165898102638
2024-10-30,1.6756874054074173
2024-10-31,1.6461301310019978
2024-11-01,1.6206313680646727
2024-11-04,1.6407709967656265
2024-11-05,1.6620915248825432
2024-11-06,1.6340165509192603
2024-11-07,1.6432561818433997
2024-11-08,1.6520827853885547
2024-11-11,1.6226606589229429
2024-11-12,1.581783842701757
2024-11-13,1.55460444247096
2024-11-14,1.562130767250725
2024-11-15,1.562089895059669
2024-11-18,1.5743151342484842
2024-11-19,1.5675201177310722
2024-11-20,1.5599857569524118
2024-11-21,1.5787882130711441
2024-11-22,1.5891956775694782
2024-11-25,1.5757632430324477
2024-11-26,1.5781672664577118
2024-11-27,1.5774094624331987
2024-11-28,1.5687619816610392
2024-11-29,1.5956631489596917
2024-12-02,1.590564974496164
2024-12-03,1.5849764785881293
2024-12-04,1.603426014947729
2024-12-05,1.6170075439898104
2024-12-06,1.6178234351365535
2024-12-09,1.633603772614328
2024-12-10,1.6266811926416704
2024-12-11,1.653897226076723
2024-12-12,1.637570750659821
2024-12-13,1.6395120222468809
2024-12-16,1.6442346292849932
2024-12-17,1.6166456601495647
2024-12-18,1.5879354836343984
2024-12-19,1.6533863168085856
2024-12-20,1.6687832144243735
2024-12-23,1.6897104495657835
2024-12-24,1.7075586283186106
2024-12-25,1.708344310115249
2024-12-26,1.7129333070576223
2024-12-27,1.7067162264134788
2024-12-30,1.6647132433358194
2024-12-31,1.6685112946891756
2025-01-02,1.682309350545357
2025-01-03,1.7213283329801896
2025-01-06,1.7239344641536678
2025-01-07,1.7052554677941165
2025-01-08,1.7154431201458231
2025-01-09,1.7335019467874249
2025-01-10,1.7197917891541314
2025-01-13,1.7344683863052195
2025-01-14,1.7345007628807332
2025-01-15,1.7525242010266673
2025-01-16,1.7320461682416868
2025-01-17,1.737421255478126
2025-01-20,1.7540228285288453
2025-01-21,1.7263971110626477
2025-01-22,1.7464425269802322
2025-01-23,1.7660487469155772
2025-01-24,1.7620117862838722
2025-01-27,1.6882459270153205
2025-01-28,1.7037936748962803
2025-01-29,1.7089332337233714
2025-01-30,1.7312471144841244
2025-01-31,1.727755007798691
2025-02-03,1.7591821783818502
2025-02-04,1.746011885454461
2025-02-05,1.7141793006635873
2025-02-06,1.702581434450118
2025-02-07,1.7011885127714113
2025-02-10,1.7552792281811238
2025-02-11,1.7669378276085748
2025-02-12,1.7691764823373988
2025-02-13,1.7831923170190838
2025-02-14,1.7378806221633207
2025-02-17,1.7215448502571653
2025-02-18,1.7572223705203398
2025-02-19,1.7599019913287899
2025-02-20,1.7578313921967024
2025-02-21,1.6820865797919085
2025-02-24,1.674837347075308
2025-02-25,1.6690258661770445
2025-02-26,1.6546481969431424
2025-02-27,1.62890953356321
2025-02-28,1.6569261922776184
2025-03-03,1.6627446633573537
2025-03-04,1.6436633234017566
2025-03-05,1.6525103040573885
2025-03-06,1.6090491598132737
2025-03-07,1.6206995323088593
2025-03-10,1.5642382598863613
2025-03-11,1.568811235324815
2025-03-12,1.5789738656636907
2025-03-13,1.5623823731506206
2025-03-14,1.6014375486309376
2025-03-17,1.6068730447786355
2025-03-18,1.602278805128862
2025-03-19,1.6164618520194576
2025-03-20,1.608607613570794
2025-03-21,1.6009315125974939
2025-03-24,1.5983669903721884
2025-03-25,1.5962040241285511
2025-03-26,1.5836550360704502
2025-03-27,1.592599962112273
2025-03-28,1.5725164335226607
2025-03-31,1.5746872131001157
2025-04-01,1.5773972773078675
2025-04-02,1.5717321552377252
2025-04-03,1.588185676940265
2025-04-04,1.5132409196693408
2025-04-07,1.528022149759683
2025-04-08,1.5257177933116726
2025-04-09,1.4570474474797224
2025-04-10,1.4625974001506714
2025-04-11,1.4876697292949204
2025-04-14,1.5045255073674235
2025-04-15,1.5183151019915002
2025-04-16,1.5226020398167477
2025-04-17,1.5333235951702577
2025-04-21,1.5514923341750964
2025-04-22,1.5771371211248892
2025-04-23,1.5501715176267927
2025-04-24,1.5599524847134167
2025-04-25,1.563282848251253
2025-04-28,1.5664100719504703
2025-04-29,1.5977699999048616
2025-04-30,1.6020459487702312
2025-05-01,1.561907340015546
2025-05-02,1.5623349120596046
2025-05-05,1.5789001951858828
2025-05-06,1.5845279101018528
2025-05-07,1.5873689712210546
2025-05-08,1.5652545684354862
2025-05-09,1.5516623225314128
2025-05-12,1.552575179379599
2025-05-13,1.526702447428855
2025-05-14,1.5303438415287896
2025-05-15,1.5529833039079337
2025-05-16,1.561099365300412
2025-05-19,1.5720218258608074
2025-05-20,1.5802139909454327
2025-05-21,1.5896308568025952
2025-05-22,1.595460718660632
2025-05-23,1.6023112401153203
2025-05-26,1.6133267996257377
2025-05-27,1.6229765254900275
2025-05-28,1.604738104687188
2025-05-29,1.595360711584808
2025-05-30,1.6171583454208336
2025-06-02,1.6194926906248805
2025-06-03,1.6268064246633613
2025-06-04,1.626281117617096
2025-06-05,1.6250850996659734
2025-06-06,1.6145581064340486
2025-06-09,1.6055534946225374
2025-06-10,1.6077253178143882
2025-06-11,1.5897852944322408
2025-06-12,1.6106653404868576
2025-06-13,1.603370404401482
2025-06-16,1.589819249854224
2025-06-17,1.5650722072733503
2025-06-18,1.5462488060553121
2025-06-19,1.5445912874408956
2025-06-20,1.5465356915024084
2025-06-23,1.5382096409280164
2025-06-24,1.5658774685569565
2025-06-25,1.5745655549345638
2025-06-26,1.5890430001882359
2025-06-27,1.5880908590675094
2025-06-30,1.5982199563003414
2025-07-01,1.5994981760441382
2025-07-02,1.604053159047547
2025-07-03,1.5969694428319838
2025-07-04,1.591351691920481
2025-07-07,1.585893572014273
2025-07-08,1.5809926651602415
2025-07-09,1.5792588000115637
2025-07-10,1.5853394462529595
2025-07-11,1.5662188875860596
2025-07-14,1.5595465710062433
2025-07-15,1.5475299330027203
2025-07-16,1.5429104847965125
2025-07-17,1.552683837410529
2025-07-18,1.5476449216395274
2025-07-21,1.550949984578264
2025-07-22,1.5644031591339194
2025-07-23,1.588180677669086
2025-07-24,1.593706371872336
2025-07-25,1.5826190497959165
2025-07-28,1.550771520150507
2025-07-29,1.5196520520567098
2025-07-30,1.494981996169015
2025-07-31,1.4782354514485794
2025-08-01,1.4526817897504951
2025-08-04,1.4684882449747212
2025-08-05,1.4664685451938622
2025-08-06,1.4775677009169421
2025-08-07,1.4946513174531664
2025-08-08,1.513662881649858
2025-08-11,1.4957851375753588
2025-08-12,1.517258495885339
2025-08-13,1.5287999959329752
2025-08-14,1.5271889749433254
2025-08-15,1.5403164371861169
2025-08-18,1.5470547316334424
2025-08-19,1.5321260924412896
2025-08-20,1.529380995044904
2025-08-21,1.5245840567721263
2025-08-22,1.5472900786238104
2025-08-25,1.536669416460248
2025-08-26,1.52555786727518
2025-08-27,1.5197450423091687
2025-08-28,1.518598025577528
2025-08-29,1.5138072479453986
2025-09-01,1.5135464179419666
2025-09-02,1.5215781182098393
2025-09-03,1.511389827467834
2025-09-04,1.5018235194194434
2025-09-05,1.5021858170928044
2025-09-08,1.5128474592887058
2025-09-09,1.5208001136566252
2025-09-10,1.5182789610939098
2025-09-11,1.5235268653433707
2025-09-12,1.5284681233064494
2025-09-15,1.547658331278085
2025-09-16,1.555833975396828
2025-09-17,1.5586027831463094
2025-09-18,1.5733048863289585
2025-09-19,1.5752706908897989
2025-09-22,1.5887649624922744
2025-09-23,1.5904164559873155
2025-09-24,1.5899828446315205
2025-09-25,1.583323407399351
2025-09-26,1.592694339506708
2025-09-29,1.603184055076646
2025-09-30,1.6120699891376526
2025-10-01,1.6178354570745845
2025-10-02,1.6207466248099733
2025-10-03,1.6372284197980587
2025-10-06,1.6413964379861348
2025-10-07,1.6240085827293835
2025-10-08,1.6501472688005059
2025-10-09,1.6292229297878786
2025-10-10,1.5786068569529144
2025-10-13,1.6354462942596313
2025-10-14,1.6426798800570654
2025-10-15,1.6683059435435021
2025-10-16,1.6921860938269278
2025-10-17,1.7045743220112768
2025-10-20,1.7275169390389116
2025-10-21,1.6767205501564508
2025-10-22,1.6473145446846695
2025-10-23,1.6726256457790505
2025-10-24,1.6740602181006923
2025-10-27,1.673682747056466
2025-10-28,1.6622707656089946
2025-10-29,1.6376363889810335
2025-10-30,1.620491419392414
2025-10-31,1.6074516498927107
2025-11-03,1.6143746184090686
2025-11-04,1.5751254078337311
2025-11-05,1.5829404448156115
2025-11-06,1.5648195659698496
2025-11-07,1.5888957164366886
2025-11-10,1.6315834642992204
2025-11-11,1.6548920016494082
2025-11-12,1.6577417982343488
2025-11-13,1.6182249230987185
2025-11-14,1.6189760455465827
2025-11-17,1.5889148567566405
2025-11-18,1.5893775633765561
2025-11-19,1.5854133688877248
2025-11-20,1.5427963808407044
2025-11-21,1.5702480975509314
2025-11-24,1.5836400085676534
2025-11-25,1.602425860683184
2025-11-26,1.6171792896273833
2025-11-27,1.6189797923727538
2025-11-28,1.6327451856351252
2025-12-01,1.6302457829889767
2025-12-02,1.6241873797277901
2025-12-03,1.6455224653179588
2025-12-04,1.6689852080994125
2025-12-05,1.6735161047979337
2025-12-08,1.664628069883426
2025-12-09,1.6610819015045202
2025-12-10,1.6935732842837843
2025-12-11,1.7199494885043318
2025-12-12,1.7036552218631442
2025-12-15,1.6950456203899364
2025-12-16,1.664076341312669
2025-12-17,1.6604894271710768
2025-12-18,1.6556020826634643
2025-12-19,1.674616018478989
2025-12-22,1.6614302541926755
2025-12-23,1.7155340787988012
2025-12-24,1.739567891677005
2025-12-26,1.7546610614633427
2025-12-29,1.7264642781824373
2025-12-30,1.7308822947304618
2025-12-31,1.6843060984559233
2026-01-02,1.7041274772619655
2026-01-05,1.7353349221181957
2026-01-06,1.7662183754900105
2026-01-07,1.7382807211868985
2026-01-08,1.7288751994977316
2026-01-09,1.7458198522797752
2026-01-12,1.7681774394236798
2026-01-13,1.7846083591315465
2026-01-14,1.797887158099573
2026-01-15,1.786724894131523
2026-01-16,1.7637806949096895
2026-01-19,1.755677925544459
2026-01-20,1.737367997984529
2026-01-21,1.7936225232094882
2026-01-22,1.8136590797975756
2026-01-23,1.8835472188549875
2026-01-26,1.934710857192427
2026-01-27,1.9757726433180232
2026-01-28,2.066288640208938
2026-01-29,2.080800239248001
2026-01-30,1.9795933338979794
2026-02-02,1.9022215809180105
2026-02-03,1.9342454384840198
2026-02-04,1.9499922403689636
2026-02-05,1.8945112905406036
2026-02-06,1.9307979162632154
2026-02-09,2.015245326010122
2026-02-10,2.0248846770162414
2026-02-11,2.0289497114962023
2026-02-12,1.963850944328687
2026-02-13,1.9827758386789547
2026-02-16,1.98254168957783
2026-02-17,1.963757724405315
2026-02-18,1.9795118339751256
2026-02-19,1.9703807423264077
2026-02-20,2.0050524968511043
2026-02-23,2.0335868815427567
2026-02-24,2.0297919003693896
2026-02-25,2.0569112770019
2026-02-26,2.0841140130386604
2026-02-27,2.0752545986575823
2026-03-02,2.0499833441684747
2026-03-03,1.9697052104452597
2026-03-04,1.9733355327461948
2026-03-05,1.9435221365283362
2026-03-06,1.9406374311437742
2026-03-09,1.9329136905930986
2026-03-10,1.9948398114962396
2026-03-11,2.018272416459198
2026-03-12,1.9746027634295427
2026-03-13,1.9407701731975107
2026-03-16,1.9338902837444223
2026-03-17,1.9691751621657605
2026-03-18,1.943105116169079
2026-03-19,1.883538329514106
2026-03-20,1.8493713560920726
2026-03-23,1.8296133236551717
2026-03-24,1.8305592196874596
2026-03-25,1.8373189891896191
2026-03-26,1.7690307650133235
2026-03-27,1.7595488381191953
2026-03-30,1.7435475001207499
2026-03-31,1.795525411660627
2026-04-01,1.8291321862718612
2026-04-02,1.827781365879091
2026-04-03,1.8194297555916872
2026-04-06,1.828385008209048
2026-04-07,1.8370657269769912
2026-04-08,1.9260172986161535
2026-04-09,1.9249301247477244
2026-04-10,1.9379496927481656
2026-04-13,1.9528798290566125
2026-04-14,2.004287302831602
2026-04-15,2.006576897737322
2026-04-16,2.022943121264265
2026-04-17,2.027699699851739
2026-04-20,2.0125003100287966
2026-04-21,2.0035554668714584
2026-04-22,2.0232310418288932
2026-04-23,2.004968022635021
2026-04-24,2.0206167047084493
2026-04-27,2.0294100855735433
2026-04-28,2.0255445845036415
2026-04-29,2.02548501870462
2026-04-30,2.0455084695307235
2026-05-01,2.0466294984771034
2026-05-04,2.0539552318088123
2026-05-05,2.0552649854421507
2026-05-06,2.0797162921277317
2026-05-07,2.0611709191613232
2026-05-08,2.067940473603405
2026-05-11,2.105217832325466
2026-05-12,2.1017998279133088
2026-05-13,2.1031553830743634
2026-05-14,2.099479767943724
2026-05-15,2.0393881924161494
2026-05-18,2.039697029535275
2026-05-19,2.038498092936563
2026-05-20,2.020149604628827
2026-05-21,2.022455996080276
2026-05-22,2.011253302404788
2026-05-25,2.009541116370814
2026-05-26,2.0398557794087124
2026-05-27,2.033435077796839
2026-05-28,2.0529479066798304
2026-05-29,2.058622673806729
2026-06-01,2.062078314329395
2026-06-02,2.068169019998226
2026-06-03,2.062838985009394
2026-06-04,2.0577039437239772
2026-06-05,1.9566857170858991
2026-06-08,1.9702487665086585
2026-06-09,1.942293032739952
2026-06-10,1.9082487053433705
2026-06-11,1.9509537288995096
2026-06-12,1.9489898311329412
2026-06-15,1.968836236693068
2026-06-16,1.9460940103318827
2026-06-17,1.9106652749797806
2026-06-18,1.9587745053601184
2026-06-19,1.983332972042362
2026-06-22,1.9747029391691278
2026-06-23,1.9160707988561203
2026-06-24,1.8696018207321228
2026-06-25,1.8951105071816918
2026-06-26,1.8706576755465998
2026-06-29,1.8757647329625882
2026-06-30,1.9002435121767438
2026-07-01,1.9137398786840942
2026-07-02,1.917796923938593
2026-07-03,1.8969856939676693
2026-07-06,1.9292882626039294
2026-07-07,1.9364896108826615
2026-07-08,1.9444044676980403
2026-07-09,1.9437959909164673
2026-07-10,1.9443374504800157
2026-07-13,1.9437279689867855
2026-07-14,1.9695292241383673
2026-07-15,1.966298624346197
2026-07-16,1.9180853342525386
2026-07-17,1.9078641459951198
2026-07-20,1.9180044461639607
2026-07-21,1.9660889243119613
2026-07-22,1.9823345269645414
2026-07-23,1.972387964364247
2026-07-24,1.960245502768006
2026-07-27,1.9386395053598315
2026-07-28,1.9055374958300542
2026-07-29,1.9222813418016935
2026-07-30,1.9341899327736571
2026-07-31,1.9046509245267933
2026-08-03,1.8820708764219574
2026-08-04,1.8747970824888371
2026-08-05,1.8845038732068946
2026-08-06,1.8932170644664919
2026-08-07,1.9155875479723197
2026-08-10,1.9389049998518824
2026-08-11,1.9449454333513343
2026-08-12,1.9625666718968335
2026-08-13,1.947943453560907
2026-08-14,1.9625206766723644
2026-08-17,1.9769074337780703
2026-08-18,1.946701420770836
2026-08-19,1.9372801747267745
2026-08-20,1.9539923756021413
2026-08-21,1.9782382163715175
2026-08-24,1.9670215325149747
2026-08-25,1.948877050528541
2026-08-26,1.9545308189780244
2026-08-27,1.9687710384191341
2026-08-28,1.9682665876566343
