instrument,direction,entry_date,entry,exit_date,exit,notional_frac,pnl_frac,R,hold_days,exit_reason,cost_frac
AUDUSD=X,LONG,2017-08-10,0.7891601324081421,2017-10-27,0.7659724950790405,0.6959703120762478,-0.021348268993715103,-6.777865281489754,78,signal_flip,0.0008987980618772116
EURUSD=X,LONG,2017-08-10,1.1761523485183716,2018-07-12,1.1676785945892334,0.6870239569518682,-0.007975320917833484,-2.532085892942255,336,signal_flip,0.0030255608276830454
GBPUSD=X,SHORT,2017-08-10,1.3014055490493774,2017-09-07,1.3049719333648682,0.6309950899154031,-0.002097037397143205,-0.6657887331411734,28,signal_flip,0.0003678523683336445
USDJPY=X,LONG,2017-08-10,110.04900360107422,2017-11-22,112.34100341796875,0.644878856265607,0.01246997319249104,3.959093750756816,104,signal_flip,0.0009609727689814788
GBPUSD=X,LONG,2017-09-07,1.3049719333648682,2017-09-18,1.3575152158737183,0.7160389681999586,0.028637838310325958,9.09223179067208,11,resize,0.00019269576596261506
GBPUSD=X,LONG,2017-09-18,1.3575152158737183,2018-01-29,1.4149274826049805,0.6150670526620741,0.024970441679077447,7.927869457233727,133,resize,0.0010420797808155205
AUDUSD=X,SHORT,2017-10-27,0.7659724950790405,2017-10-31,0.7697636485099792,0.6596308955960413,-0.0035042330929640282,-1.1125595159982604,4,signal_flip,0.00023941360002122247
AUDUSD=X,LONG,2017-10-31,0.7697636485099792,2018-01-08,0.786101758480072,0.6555238738906833,0.01322326601415771,4.198256807221633,69,resize,0.0006901230636175385
USDJPY=X,SHORT,2017-11-22,112.34100341796875,2017-12-25,113.30799865722656,0.641599014654974,-0.005857995730532526,-1.8598559861120647,33,resize,0.00033531768950105485
USDJPY=X,SHORT,2017-12-25,113.30799865722656,2018-01-09,113.14099884033203,0.7713837297348188,0.0009229527162826596,0.29302840309865663,15,signal_flip,0.00021395679714749993
AUDUSD=X,LONG,2018-01-08,0.786101758480072,2018-02-26,0.7838403582572937,0.7739189192005863,-0.002723027751546543,-0.8645345092463437,49,resize,0.0004966742325359024
USDJPY=X,LONG,2018-01-09,113.14099884033203,2018-01-10,112.75499725341797,0.7624033076197653,-0.0027456873984893293,-0.8717287241192002,1,signal_flip,0.00014460653809253787
USDJPY=X,SHORT,2018-01-10,112.75499725341797,2018-03-12,106.89099884033203,0.7576518252164898,0.03874344506284382,12.300662468421358,61,resize,0.0006594125396070097
GBPUSD=X,LONG,2018-01-29,1.4149274826049805,2018-02-12,1.3827433586120605,0.7230476101118929,-0.016585915646203802,-5.26586496793805,14,resize,0.00013938094904558434
GBPUSD=X,LONG,2018-02-12,1.3827433586120605,2018-05-28,1.3309022188186646,0.6138354218585881,-0.023836918116464656,-7.567986883005079,105,resize,0.0008232997783149408
AUDUSD=X,LONG,2018-02-26,0.7838403582572937,2018-05-16,0.7468482851982117,0.6504536093606015,-0.031449014448417044,-9.984752545030638,79,signal_flip,0.0007519124358248166
USDJPY=X,SHORT,2018-03-12,106.89099884033203,2018-05-22,110.97799682617188,0.6513855487078289,-0.025547222025699465,-8.110991540226305,71,signal_flip,0.0006413697607136848
AUDUSD=X,SHORT,2018-05-16,0.7468482851982117,2018-05-17,0.7517666816711426,0.601183471940851,-0.0041592483444836195,-1.3205204112552917,1,signal_flip,0.0002001327830232485
AUDUSD=X,LONG,2018-05-17,0.7517666816711426,2018-05-30,0.7481670379638672,0.5979310140932269,-0.003152320084130228,-1.000830599457935,13,signal_flip,0.0002892793764987819
USDJPY=X,LONG,2018-05-22,110.97799682617188,2018-05-23,110.72599792480469,0.7206000357142726,-0.001775364129657539,-0.5636606368390176,1,signal_flip,0.00013909007066925005
USDJPY=X,SHORT,2018-05-23,110.72599792480469,2018-06-06,109.85900115966797,0.7391032022836121,0.005522865883686028,1.753455558311545,14,signal_flip,0.00026439363523254606
GBPUSD=X,LONG,2018-05-28,1.3309022188186646,2018-07-19,1.3078221082687378,0.7138468874618783,-0.012928863300206954,-4.1047868432516905,52,signal_flip,0.0005495428321973373
AUDUSD=X,SHORT,2018-05-30,0.7481670379638672,2018-05-31,0.7571169137954712,0.5898707415049729,-0.007251806061080806,-2.3023770472428824,1,signal_flip,0.0001955343660149289
AUDUSD=X,LONG,2018-05-31,0.7571169137954712,2018-06-08,0.761440634727478,0.566347304520897,0.002998179181667317,0.951892380084344,8,signal_flip,0.0002361002944932029
USDJPY=X,LONG,2018-06-06,109.85900115966797,2018-06-07,110.125,0.7348701209550167,0.0016364414119626836,0.5195540413416792,1,signal_flip,0.0001428811551941205
USDJPY=X,SHORT,2018-06-07,110.125,2018-07-09,110.4219970703125,0.7339734967310988,-0.002352340420633666,-0.7468449302354103,32,resize,0.0003728809135629996
AUDUSD=X,SHORT,2018-06-08,0.761440634727478,2018-06-11,0.7601903676986694,0.5816281171552776,0.0007495604787601083,0.23797807432821105,3,signal_flip,0.00020545876337363869
AUDUSD=X,LONG,2018-06-11,0.7601903676986694,2018-06-15,0.7465472221374512,0.5813888272318971,-0.010648719120315658,-3.380863508848047,4,signal_flip,0.00021452693026822032
AUDUSD=X,SHORT,2018-06-15,0.7465472221374512,2019-02-11,0.7101768255233765,0.5886117211952453,0.026775878039861572,8.50107773146432,241,resize,0.0019001937701312833
USDJPY=X,SHORT,2018-07-09,110.4219970703125,2018-07-12,111.95800018310547,0.8479454312130331,-0.01190296252500334,-3.7790734447296335,3,signal_flip,0.0001077871398628905
EURUSD=X,SHORT,2018-07-12,1.1676785945892334,2018-07-13,1.1665889024734497,0.632688845378051,0.000474044367580696,0.15050442084352933,1,signal_flip,0.00011638869314975238
USDJPY=X,LONG,2018-07-12,111.95800018310547,2018-08-21,109.947998046875,0.7977549075494976,-0.014868080493546076,-4.720469215057608,40,signal_flip,0.0005458429960885546
EURUSD=X,LONG,2018-07-13,1.1665889024734497,2018-07-17,1.170946478843689,0.6381668037513747,0.0022423893506402872,0.7119365477248579,4,signal_flip,0.00014136432505645598
EURUSD=X,SHORT,2018-07-17,1.170946478843689,2018-09-21,1.1775927543640137,0.6419249590208465,-0.004286664198643053,-1.3609736908384202,66,signal_flip,0.0006431072828404652
GBPUSD=X,SHORT,2018-07-19,1.3078221082687378,2018-07-25,1.3152183294296265,0.7449303638717126,-0.004439568476039554,-1.409519293925121,6,signal_flip,0.0002267097960850288
GBPUSD=X,LONG,2018-07-25,1.3152183294296265,2018-08-10,1.2828407287597656,0.7757160360494175,-0.019431858016719872,-6.16942365889891,16,signal_flip,0.00033554260929433177
GBPUSD=X,SHORT,2018-08-10,1.2828407287597656,2018-09-24,1.30804443359375,0.7385816573813735,-0.015028041112596613,-4.771255137166207,45,resize,0.0005172809916329519
USDJPY=X,SHORT,2018-08-21,109.947998046875,2018-08-22,110.13400268554688,0.7866484670632792,-0.001483697997040391,-0.4710595105072226,1,signal_flip,0.00015288464457258844
USDJPY=X,LONG,2018-08-22,110.13400268554688,2018-09-07,110.49500274658203,0.7888371443756358,0.002283639600028241,0.7250330958928484,16,signal_flip,0.0003020310404866963
USDJPY=X,SHORT,2018-09-07,110.49500274658203,2018-09-14,112.01200103759766,0.7747801351876249,-0.010844661003532475,-3.4430731281776503,7,signal_flip,0.0002076175918218552
USDJPY=X,LONG,2018-09-14,112.01200103759766,2018-09-17,111.9530029296875,0.7540084848622448,-0.0005603098680087666,-0.17789286814639463,3,signal_flip,0.00016316426268967195
USDJPY=X,SHORT,2018-09-17,111.9530029296875,2018-09-26,112.96900177001953,0.7571326235101496,-0.007091651470870275,-2.2515295412001795,9,signal_flip,0.00022050154783518375
EURUSD=X,LONG,2018-09-21,1.1775927543640137,2018-09-25,1.175295352935791,0.7427183610722815,-0.0016126863586810062,-0.5120120457379503,4,signal_flip,0.0001636945767842481
GBPUSD=X,SHORT,2018-09-24,1.30804443359375,2018-09-26,1.3179919719696045,0.6323363965234559,-0.004896750103308592,-1.5546699606941252,2,signal_flip,8.78992651266471e-05
EURUSD=X,SHORT,2018-09-25,1.175295352935791,2018-09-26,1.1763184070587158,0.7453410813447222,-0.0007849636845282516,-0.24921824369744563,1,signal_flip,0.00013616994570325283
EURUSD=X,LONG,2018-09-26,1.1763184070587158,2018-09-28,1.1637378931045532,0.7451556253879991,-0.008115459297144184,-2.5765784490372656,2,signal_flip,0.00014615380386668366
GBPUSD=X,LONG,2018-09-26,1.3179919719696045,2018-09-28,1.3078734874725342,0.6303283908450968,-0.004999067958828205,-1.5871548727404852,2,signal_flip,0.00015991249622081128
USDJPY=X,LONG,2018-09-26,112.96900177001953,2018-10-11,112.09200286865234,0.7593497115950208,-0.0061734344488552275,-1.9600046744196034,15,signal_flip,0.0002784645687278287
EURUSD=X,SHORT,2018-09-28,1.1637378931045532,2019-04-01,1.1223849058151245,0.7244170908133898,0.02397717176689045,7.612516036544555,185,resize,0.0017647164419174388
GBPUSD=X,SHORT,2018-09-28,1.3078734874725342,2018-10-10,1.3157029151916504,0.6265384707510026,-0.003988708875579698,-1.2663758084423946,12,signal_flip,0.00023801149010835673
GBPUSD=X,LONG,2018-10-10,1.3157029151916504,2018-10-15,1.3103927373886108,0.6189181774078415,-0.002678350906048286,-0.8503500505401944,5,signal_flip,0.00018039674814474845
USDJPY=X,SHORT,2018-10-11,112.09200286865234,2018-11-06,113.24600219726562,0.7453902659915744,-0.008050359070195788,-2.555909767741347,26,signal_flip,0.0003764854262651076
GBPUSD=X,SHORT,2018-10-15,1.3103927373886108,2018-10-17,1.318721890449524,0.619413342328146,-0.004094099293565598,-1.2998362288295755,2,signal_flip,0.0001569677840425765
GBPUSD=X,LONG,2018-10-17,1.318721890449524,2018-10-18,1.3104442358016968,0.6206727295791791,-0.004045444695282326,-1.284388872765901,1,signal_flip,0.00014946439648759352
GBPUSD=X,SHORT,2018-10-18,1.3104442358016968,2018-11-19,1.2833181619644165,0.6223473737133588,0.012544965173443992,3.9829029665878886,32,resize,0.00033756759717646864
USDJPY=X,LONG,2018-11-06,113.24600219726562,2018-11-20,112.44300079345703,0.7994796644484866,-0.0059516393288546925,-1.889586906876106,14,signal_flip,0.00028271256400276817
GBPUSD=X,SHORT,2018-11-19,1.2833181619644165,2019-06-03,1.2639508247375488,0.49039037329425744,0.006176830166188074,1.9610827812498492,196,resize,0.0012239501031889083
USDJPY=X,SHORT,2018-11-20,112.44300079345703,2018-11-22,113.02100372314453,0.8385916874719579,-0.004480611290599755,-1.4225499835770132,2,signal_flip,0.00016990765631376623
USDJPY=X,LONG,2018-11-22,113.02100372314453,2018-11-30,113.41100311279297,0.8684992652147334,0.002755953238801653,0.8749880273750614,8,signal_flip,0.0002409603629708465
USDJPY=X,SHORT,2018-11-30,113.41100311279297,2018-12-03,113.76300048828125,0.9094297782051464,-0.0030171292301505405,-0.957908833958651,3,signal_flip,0.00019450279768063751
USDJPY=X,LONG,2018-12-03,113.76300048828125,2018-12-05,112.6989974975586,0.9064503478084172,-0.008660802328601502,-2.749719493892242,2,signal_flip,0.00018295033041075922
USDJPY=X,SHORT,2018-12-05,112.6989974975586,2018-12-06,113.0510025024414,0.8809342791474452,-0.0029187069469425713,-0.9266607277783964,1,signal_flip,0.00016718934591475448
USDJPY=X,LONG,2018-12-06,113.0510025024414,2018-12-07,112.68900299072266,0.9051308818829311,-0.0030700994178545385,-0.9747263471864738,1,signal_flip,0.00017178865518699754
USDJPY=X,SHORT,2018-12-07,112.68900299072266,2018-12-12,113.38400268554688,0.8982975892632417,-0.005755701122620798,-1.8273784549523897,5,signal_flip,0.0002155283122297802
USDJPY=X,LONG,2018-12-12,113.38400268554688,2018-12-13,113.28500366210938,0.8931426907200646,-0.0009486944242895555,-0.301201142023651,1,signal_flip,0.00016886435940066089
USDJPY=X,SHORT,2018-12-13,113.28500366210938,2018-12-14,113.55999755859375,0.893799320710265,-0.0023385211895465717,-0.7424574603834202,1,signal_flip,0.00016886633734470888
USDJPY=X,LONG,2018-12-14,113.55999755859375,2018-12-18,112.8290023803711,0.8905790320561837,-0.005934967896685706,-1.8842938912538956,4,signal_flip,0.00020223636925349248
USDJPY=X,SHORT,2018-12-18,112.8290023803711,2019-01-07,108.52200317382812,0.8784311087695371,0.0332146723673141,10.545331555488255,20,resize,0.00031750472061574137
USDJPY=X,SHORT,2019-01-07,108.52200317382812,2019-01-16,108.64399719238281,0.6797728369306205,-0.0009038082550792395,-0.28695022509922774,9,signal_flip,0.00013964782994726192
USDJPY=X,LONG,2019-01-16,108.64399719238281,2019-01-23,109.3550033569336,0.6868720517048913,0.004308532719017286,1.3679167308125604,7,signal_flip,0.00018660990865162314
USDJPY=X,SHORT,2019-01-23,109.3550033569336,2019-01-24,109.49199676513672,0.6984995617689543,-0.001011507816356517,-0.3211437757532803,1,signal_flip,0.000136469339307726
USDJPY=X,LONG,2019-01-24,109.49199676513672,2019-01-25,109.59700012207031,0.6977211962033657,0.0005329416328876883,0.16920372287202062,1,signal_flip,0.00013617638458927935
USDJPY=X,SHORT,2019-01-25,109.59700012207031,2019-01-28,109.4000015258789,0.7025105454455688,0.0011078831198633927,0.35174198602618806,3,signal_flip,0.00015486669179467564
USDJPY=X,LONG,2019-01-28,109.4000015258789,2019-04-01,110.99500274658203,0.702734668530106,0.009596749580729074,3.046873534220701,63,resize,0.0006487955609753359
AUDUSD=X,SHORT,2019-02-11,0.7101768255233765,2019-04-01,0.7113893628120422,0.47989572370917616,-0.0011376004894171536,-0.3611769583611785,49,resize,0.0003182391152413643
AUDUSD=X,SHORT,2019-04-01,0.7113893628120422,2019-05-06,0.69733065366745,0.6101946443735209,0.011770835014068946,3.7371242604957486,35,resize,0.0002880310236874032
EURUSD=X,SHORT,2019-04-01,1.1223849058151245,2019-04-22,1.1244546175003052,0.8816603921476021,-0.0018695979992555457,-0.5935789629232915,21,resize,0.000243789592055255
USDJPY=X,LONG,2019-04-01,110.99500274658203,2019-05-07,110.80500030517578,1.0,-0.0022556167749508737,-0.7161361247502669,36,signal_flip,0.0005438060023519085
EURUSD=X,SHORT,2019-04-22,1.1244546175003052,2020-03-09,1.1386020183563232,1.0,-0.0167262124528622,-5.310407823156606,322,signal_flip,0.004144645677434542
AUDUSD=X,SHORT,2019-05-06,0.69733065366745,2019-07-01,0.702331006526947,0.7203756593181968,-0.005696233537850459,-1.8084980821077532,56,resize,0.000530631726085532
USDJPY=X,SHORT,2019-05-07,110.80500030517578,2019-05-15,109.6709976196289,1.0,0.00995199844604316,3.1596615523597755,8,signal_flip,0.00028222097026148565
USDJPY=X,LONG,2019-05-15,109.6709976196289,2019-05-24,109.55799865722656,1.0,-0.0013261919913376678,-0.4210529039765994,9,signal_flip,0.00029584700629193964
USDJPY=X,SHORT,2019-05-24,109.55799865722656,2019-05-30,109.54199981689453,1.0,-0.00011212715260347604,-0.03559926732079034,6,signal_flip,0.0002581579356417961
USDJPY=X,LONG,2019-05-30,109.54199981689453,2019-05-31,109.35700225830078,1.0,-0.0018841592746103141,-0.5982020245265696,1,signal_flip,0.00019533162035005318
USDJPY=X,SHORT,2019-05-31,109.35700225830078,2019-08-05,106.5770034790039,1.0,0.02448108816327814,7.772504532513716,66,resize,0.0009402266303601527
GBPUSD=X,SHORT,2019-06-03,1.2639508247375488,2019-06-10,1.2722970247268677,0.5998979069707799,-0.004048557052458122,-1.2853770155353046,7,resize,8.727326929232416e-05
GBPUSD=X,SHORT,2019-06-10,1.2722970247268677,2019-08-26,1.2262415885925293,0.891400212902317,0.031385317703670625,9.964529455519832,77,resize,0.0008821676221491416
AUDUSD=X,SHORT,2019-07-01,0.702331006526947,2019-08-26,0.6708078384399414,0.8513746379936976,0.037594076279486535,11.935749192565648,56,resize,0.0006187116639134754
USDJPY=X,SHORT,2019-08-05,106.5770034790039,2019-08-26,104.85199737548828,0.8160356097774936,0.012979161453992343,4.120756012010309,21,resize,0.0002288136400868011
AUDUSD=X,SHORT,2019-08-26,0.6708078384399414,2019-12-02,0.6764801144599915,0.7505400335388946,-0.007300417243974205,-2.3178106193475956,98,resize,0.0009539347040099762
GBPUSD=X,SHORT,2019-08-26,1.2262415885925293,2019-09-16,1.2497344017028809,0.7490546659565033,-0.014562454423265175,-4.623435945920662,21,resize,0.00021177390446868168
USDJPY=X,SHORT,2019-08-26,104.85199737548828,2019-11-11,109.22599792480469,0.6806621224132791,-0.02906506406061885,-9.227871761347036,77,resize,0.0006705978429389889
GBPUSD=X,SHORT,2019-09-16,1.2497344017028809,2019-10-18,1.286860466003418,0.63580650040857,-0.019218452155161523,-6.101669398338085,32,signal_flip,0.0003304444435197264
GBPUSD=X,LONG,2019-10-18,1.286860466003418,2019-10-23,1.2884771823883057,0.5293798319299511,0.0005083913857427775,0.16140926104354772,5,signal_flip,0.00015668231161643914
GBPUSD=X,SHORT,2019-10-23,1.2884771823883057,2019-11-01,1.2939623594284058,0.5483248385766252,-0.002523845732586875,-0.8012961787099797,9,signal_flip,0.0001895717103630814
GBPUSD=X,LONG,2019-11-01,1.2939623594284058,2019-11-04,1.2937614917755127,0.5603514950629414,-0.00023809054204558316,-0.07559140365230169,3,signal_flip,0.0001511046349299388
GBPUSD=X,SHORT,2019-11-04,1.2937614917755127,2019-11-06,1.288062334060669,0.5619547658232583,0.0023307154323693358,0.7399792093091574,2,signal_flip,0.00014475540162467868
GBPUSD=X,LONG,2019-11-06,1.288062334060669,2019-11-08,1.2779992818832397,0.5591280841959464,-0.0045130432563150885,-1.4328468134744226,2,signal_flip,0.00014482679943604758
GBPUSD=X,SHORT,2019-11-08,1.2779992818832397,2019-11-11,1.2796396017074585,0.5544070758315759,-0.0008625986267594666,-0.27386657372056494,3,signal_flip,0.00015101378468230893
GBPUSD=X,LONG,2019-11-11,1.2796396017074585,2019-11-13,1.285214900970459,0.5560036942153733,0.0022783914690104913,0.7233668659503464,2,signal_flip,0.00014407731239349207
USDJPY=X,SHORT,2019-11-11,109.22599792480469,2019-11-18,108.6989974975586,0.7929630352429318,0.003736958074089372,1.1864474068698436,7,resize,8.897958089159134e-05
GBPUSD=X,SHORT,2019-11-13,1.285214900970459,2019-11-14,1.2853800058364868,0.5555599531554802,-0.00020804198833461172,-0.06605128360713398,1,signal_flip,0.00013667209403371347
GBPUSD=X,LONG,2019-11-14,1.2853800058364868,2020-01-14,1.2988194227218628,0.5677142895945457,0.005367672720937675,1.7041832566543793,61,signal_flip,0.0005681197878939564
USDJPY=X,SHORT,2019-11-18,108.6989974975586,2019-12-24,109.38200378417969,1.0,-0.006828444535692482,-2.167963929940827,36,signal_flip,0.0005449800848226798
AUDUSD=X,SHORT,2019-12-02,0.6764801144599915,2019-12-16,0.6874789595603943,0.9041854352032122,-0.014879397503828332,-4.724062254432601,14,resize,0.00017830676773308642
AUDUSD=X,SHORT,2019-12-16,0.6874789595603943,2019-12-24,0.6925197839736938,0.7963460665881649,-0.006057329438443009,-1.9231424763972877,8,signal_flip,0.00021825518305115796
AUDUSD=X,LONG,2019-12-24,0.6925197839736938,2019-12-25,0.6921852231025696,0.824359548931032,-0.0006943989816356108,-0.2204648419277201,1,signal_flip,0.0002961454512780251
USDJPY=X,LONG,2019-12-24,109.38200378417969,2020-01-06,107.96399688720703,1.0,-0.013311635146538372,-4.226313136964086,13,signal_flip,0.00034783079193439044
AUDUSD=X,SHORT,2019-12-25,0.6921852231025696,2020-03-02,0.6516313552856445,0.8239345130662151,0.0474019276935316,15.049645481058018,68,resize,0.000870890357856432
USDJPY=X,SHORT,2020-01-06,107.96399688720703,2020-01-13,109.56600189208984,1.0,-0.01511041057914246,-4.797406632058851,7,signal_flip,0.00027208436789187497
USDJPY=X,LONG,2020-01-13,109.56600189208984,2020-01-24,109.552001953125,1.0,-0.000448913318324958,-0.14252556006151362,11,signal_flip,0.0003211370125085619
GBPUSD=X,SHORT,2020-01-14,1.2988194227218628,2020-01-23,1.3144749402999878,0.6196798854247481,-0.007681951572964396,-2.438944013484629,9,signal_flip,0.00021254576538347545
GBPUSD=X,LONG,2020-01-23,1.3144749402999878,2020-02-10,1.2891582250595093,0.6119377829823601,-0.012065695264947556,-3.830739487936899,18,signal_flip,0.000279807134498683
USDJPY=X,SHORT,2020-01-24,109.552001953125,2020-02-21,111.9540023803711,1.0,-0.02245903447356538,-7.130522388441653,28,signal_flip,0.00053337009114855
GBPUSD=X,SHORT,2020-02-10,1.2891582250595093,2020-03-23,1.162304162979126,0.5656653367671082,0.05527225752905335,17.54839773875911,42,resize,0.00038960332876594766
USDJPY=X,LONG,2020-02-21,111.9540023803711,2020-02-24,111.55699920654297,0.9143738075200716,-0.0034406850251280712,-1.0923836299431477,3,signal_flip,0.000198198861771238
USDJPY=X,SHORT,2020-02-24,111.55699920654297,2020-03-02,107.6969985961914,0.9212843381495458,0.03169517135817478,10.062904941036935,7,resize,0.0001823274348907285
AUDUSD=X,SHORT,2020-03-02,0.6516313552856445,2020-03-16,0.6177682876586914,0.7035508731920523,0.036396741877490785,11.555607304902088,14,resize,0.0001644066993159336
USDJPY=X,SHORT,2020-03-02,107.6969985961914,2020-03-09,103.93800354003906,0.7221136804028335,0.025123800354408844,7.976559327192267,7,resize,8.044665336447432e-05
EURUSD=X,LONG,2020-03-09,1.1386020183563232,2020-03-10,1.1397960186004639,0.8297179453025055,0.0007139671369139019,0.22667753862563858,1,signal_flip,0.00015612040314608172
USDJPY=X,SHORT,2020-03-09,103.93800354003906,2020-03-23,110.46199798583984,0.5478905869744984,-0.03450078552005239,-10.953659822692423,14,resize,0.00011071620386424377
EURUSD=X,SHORT,2020-03-10,1.1397960186004639,2020-03-23,1.0694386959075928,0.8299117185379212,0.050994519852423904,16.19025813079918,13,resize,0.00023426638203256613
AUDUSD=X,SHORT,2020-03-16,0.6177682876586914,2020-03-30,0.618058443069458,0.4960219664285006,-0.00035529319669256373,-0.1128020929154016,14,resize,0.00012231999250987492
EURUSD=X,SHORT,2020-03-23,1.0694386959075928,2020-06-04,1.1235954761505127,0.5569127112985952,-0.028764035839250194,-9.132298263984609,73,signal_flip,0.0005617653999048844
GBPUSD=X,SHORT,2020-03-23,1.162304162979126,2020-06-04,1.2575136423110962,0.37610608418245745,-0.031199287243695972,-9.905466615514726,73,signal_flip,0.000390772924332672
USDJPY=X,SHORT,2020-03-23,110.46199798583984,2020-06-03,108.80899810791016,0.3923889471058947,0.005479869552607179,1.739804646392805,72,signal_flip,0.0003920039739801991
AUDUSD=X,SHORT,2020-03-30,0.618058443069458,2020-06-03,0.6914199590682983,0.3166308056086156,-0.03789729056550638,-12.03201674393811,65,signal_flip,0.00031424939544711993
AUDUSD=X,LONG,2020-06-03,0.6914199590682983,2020-06-10,0.6942998170852661,0.2508685819979767,0.0009358783411711114,0.2971321617780507,7,signal_flip,0.00010902336812545219
USDJPY=X,LONG,2020-06-03,108.80899810791016,2020-06-11,106.98100280761719,0.4710573648937718,-0.008048583742188328,-2.5553461185729502,8,signal_flip,0.00013480212331679382
EURUSD=X,LONG,2020-06-04,1.1235954761505127,2020-06-10,1.1332215070724487,0.4916944037484021,0.004088109948430021,1.2979346707001909,6,signal_flip,0.00012431848786155562
GBPUSD=X,LONG,2020-06-04,1.2575136423110962,2020-06-10,1.2711325883865356,0.31576852974872954,0.0033209936506883608,1.0543827966415094,6,signal_flip,9.879793985476236e-05
AUDUSD=X,SHORT,2020-06-10,0.6942998170852661,2020-06-11,0.6968300938606262,0.30462932692871214,-0.0012191267980047056,-0.3870607589009911,1,signal_flip,0.00010894861265362389
EURUSD=X,SHORT,2020-06-10,1.1332215070724487,2020-06-15,1.1252011060714722,0.506394541375455,0.0034964110481734466,1.110076093767074,5,resize,8.760784062188717e-05
GBPUSD=X,SHORT,2020-06-10,1.2711325883865356,2020-06-22,1.234811782836914,0.40318242446730124,0.011398889676318798,3.6190352766961307,12,resize,0.00012147458299856473
AUDUSD=X,LONG,2020-06-11,0.6968300938606262,2020-06-12,0.6830880641937256,0.31009746226215323,-0.006227146301475457,-1.9770576589583648,1,signal_flip,0.00011178394330291405
USDJPY=X,SHORT,2020-06-11,106.98100280761719,2020-06-22,106.83100128173828,0.6189985764056117,0.0007099378884063754,0.22539829188307137,11,resize,0.00015798004600189452
AUDUSD=X,SHORT,2020-06-12,0.6830880641937256,2020-07-15,0.6988999247550964,0.29726206905714864,-0.0071077586179954175,-2.256643401875042,33,signal_flip,0.000226850236637421
EURUSD=X,SHORT,2020-06-15,1.1252011060714722,2020-06-24,1.1312345266342163,0.630410859335324,-0.003507524263626415,-1.1136044302896542,9,signal_flip,0.00012720956151011402
GBPUSD=X,SHORT,2020-06-22,1.234811782836914,2020-07-03,1.2466403245925903,0.5097185960235351,-0.005014681314864679,-1.5921119596049196,11,signal_flip,0.00013197143104967687
USDJPY=X,SHORT,2020-06-22,106.83100128173828,2020-07-01,107.98899841308594,0.7721333353414528,-0.008528610108220064,-2.7077497650458344,9,signal_flip,0.00015905280167315616
EURUSD=X,LONG,2020-06-24,1.1312345266342163,2020-06-29,1.1225864887237549,0.6980980573047175,-0.00550467912785014,-1.7476814423399276,5,signal_flip,0.00016787378585514764
EURUSD=X,SHORT,2020-06-29,1.1225864887237549,2020-07-03,1.1237848997116089,0.7229973494228176,-0.0009370079778328927,-0.2974908102995228,4,signal_flip,0.0001651761622525488
USDJPY=X,LONG,2020-07-01,107.98899841308594,2020-07-02,107.36599731445312,0.8046895045554547,-0.004801949670641296,-1.5245717564118466,1,signal_flip,0.00015960227633865482
USDJPY=X,SHORT,2020-07-02,107.36599731445312,2020-07-22,106.83200073242188,0.7950700419074452,0.003605554600079182,1.1447280972329354,20,signal_flip,0.00034881359351707214
EURUSD=X,LONG,2020-07-03,1.1237848997116089,2021-02-01,1.2123857736587524,0.7558984541183595,0.05749143428006972,18.252964514577386,213,resize,0.002104724795718298
GBPUSD=X,LONG,2020-07-03,1.2466403245925903,2020-07-07,1.249547004699707,0.5051677925018904,0.0010309710254201012,0.3273231530609806,4,signal_flip,0.00014688368074880712
GBPUSD=X,SHORT,2020-07-07,1.249547004699707,2020-07-08,1.2542802095413208,0.5155964053878744,-0.0020830968344567697,-0.6613627417006197,1,signal_flip,0.00013005033590826704
GBPUSD=X,LONG,2020-07-08,1.2542802095413208,2020-10-07,1.2883278131484985,0.5221562904678069,0.01345211444039274,4.270913930071201,91,signal_flip,0.0007218877192550677
AUDUSD=X,LONG,2020-07-15,0.6988999247550964,2020-09-07,0.7282207608222961,0.36775406000966265,0.015089139878786616,4.7906533940564024,54,resize,0.00033918701704029167
USDJPY=X,LONG,2020-07-22,106.83200073242188,2020-07-27,105.99299621582031,0.8267833049917859,-0.006700615043343263,-2.127379324303747,5,signal_flip,0.0002074770099529094
USDJPY=X,SHORT,2020-07-27,105.99299621582031,2020-08-12,106.52100372314453,0.8188135353119249,-0.004398123564442953,-1.3963609424218815,16,signal_flip,0.00031917769840601284
USDJPY=X,LONG,2020-08-12,106.52100372314453,2020-08-18,105.99500274658203,0.7749024055988107,-0.004030900976864032,-1.2797713853171462,6,signal_flip,0.00020443100531756533
USDJPY=X,SHORT,2020-08-18,105.99500274658203,2020-10-19,105.427001953125,0.7561457468297917,0.0033800562672904656,1.0731345960787002,62,resize,0.0006719402706532062
AUDUSD=X,LONG,2020-09-07,0.7282207608222961,2021-08-02,0.7342305779457092,0.5246121301162353,0.002136967398239654,0.6784661154713822,329,resize,0.002192520488321908
GBPUSD=X,SHORT,2020-10-07,1.2883278131484985,2020-10-09,1.29404616355896,0.5472818789121381,-0.0025701049305219383,-0.8159830187402385,2,signal_flip,0.00014094868241835477
GBPUSD=X,LONG,2020-10-09,1.29404616355896,2020-12-01,1.3336889743804932,0.5475985767087482,0.016284842708829503,5.170277273683956,53,signal_flip,0.0004907155316139763
USDJPY=X,SHORT,2020-10-19,105.427001953125,2021-02-01,104.68599700927734,0.8611179761054588,0.004900041130579399,1.5557148294601035,105,resize,0.0011524185401787608
GBPUSD=X,SHORT,2020-12-01,1.3336889743804932,2020-12-02,1.3422638177871704,0.5495559871191802,-0.0036634709778899047,-1.1631159771359152,1,signal_flip,0.00013014602486787418
GBPUSD=X,LONG,2020-12-02,1.3422638177871704,2021-02-01,1.3697690963745117,0.545086751482298,0.010677205736570489,3.3899077291245288,61,resize,0.0004925529614671668
EURUSD=X,LONG,2021-02-01,1.2123857736587524,2021-07-20,1.1793843507766724,0.8646684828581437,-0.02545084457037148,-8.080392646771376,169,signal_flip,0.0019143672579612235
GBPUSD=X,LONG,2021-02-01,1.3697690963745117,2021-03-29,1.3791011571884155,0.6612833164714095,0.00402748129412093,1.278685669705028,56,resize,0.00047775695432896803
USDJPY=X,SHORT,2021-02-01,104.68599700927734,2021-02-24,105.28299713134766,1.0,-0.006087524468555181,-1.9327291012581176,23,signal_flip,0.00038475486110331816
USDJPY=X,LONG,2021-02-24,105.28299713134766,2021-03-09,108.93900299072266,1.0,0.03437494966020515,10.913708175752049,13,signal_flip,0.0003505611914082051
USDJPY=X,SHORT,2021-03-09,108.93900299072266,2021-03-16,109.13400268554688,1.0,-0.002061606382878382,-0.6545397348479529,7,signal_flip,0.0002716166687186032
USDJPY=X,LONG,2021-03-16,109.13400268554688,2021-03-24,108.5199966430664,1.0,-0.005910736160571558,-1.8766005535426904,8,signal_flip,0.00028456991200429303
USDJPY=X,SHORT,2021-03-24,108.5199966430664,2021-03-26,109.17900085449219,1.0,-0.006281591590710614,-1.9943435024033898,2,signal_flip,0.00020893925186737022
USDJPY=X,LONG,2021-03-26,109.17900085449219,2021-05-24,108.91899871826172,1.0,-0.0033081640743728496,-1.0503095324386493,59,signal_flip,0.0009267341822181202
GBPUSD=X,LONG,2021-03-29,1.3791011571884155,2021-11-23,1.3397642374038696,0.7642497724491514,-0.024185960137479864,-7.678804289171193,239,signal_flip,0.0023868108600766874
USDJPY=X,SHORT,2021-05-24,108.91899871826172,2021-05-27,109.16999816894531,0.974943824538449,-0.002462384245868368,-0.7817827616221233,3,signal_flip,0.00021566542466901082
USDJPY=X,LONG,2021-05-27,109.16999816894531,2021-11-22,114.13800048828125,1.0,0.04315064645415403,13.699905531523518,179,resize,0.0023563829739103666
EURUSD=X,SHORT,2021-07-20,1.1793843507766724,2021-07-21,1.1784114837646484,0.8349725676933047,0.0005365910535678083,0.17036237801790705,1,signal_flip,0.0001521727633496678
EURUSD=X,LONG,2021-07-21,1.1784114837646484,2021-07-23,1.1772738695144653,0.8440845981194666,-0.0009794581283085338,-0.3109683152526208,2,signal_flip,0.0001645961888159508
EURUSD=X,SHORT,2021-07-23,1.1772738695144653,2021-07-28,1.1823126077651978,0.8760601085566552,-0.0039532398590751356,-1.2551147448121005,5,signal_flip,0.00020369806320930114
EURUSD=X,LONG,2021-07-28,1.1823126077651978,2021-08-05,1.1837401390075684,0.8813394632933881,0.0008263063305331969,0.26234412688190123,8,signal_flip,0.00023782815532286792
AUDUSD=X,LONG,2021-08-02,0.7342305779457092,2021-08-18,0.7255598902702332,0.6347330091418434,-0.0077286277025643635,-2.453763225214774,16,signal_flip,0.00023292833386964404
EURUSD=X,SHORT,2021-08-05,1.1837401390075684,2021-09-03,1.1876484155654907,0.9501842914844801,-0.0036446005541599592,-1.1571248033370536,29,signal_flip,0.0005074398972371903
AUDUSD=X,SHORT,2021-08-18,0.7255598902702332,2021-08-27,0.7238398790359497,0.6518343649621483,0.0012554572248487566,0.39859531183549324,9,signal_flip,0.0002897803849773794
AUDUSD=X,LONG,2021-08-27,0.7238398790359497,2021-09-30,0.7179998159408569,0.6371254675311365,-0.005625463049522236,-1.7860291486342639,34,signal_flip,0.00048502655571097415
EURUSD=X,LONG,2021-09-03,1.1876484155654907,2021-09-08,1.184356927871704,1.0,-0.003003060820401482,-0.9534422523340712,5,signal_flip,0.00023162808774436218
EURUSD=X,SHORT,2021-09-08,1.184356927871704,2021-09-09,1.1819101572036743,1.0,0.001884264871885916,0.5982355506222138,1,signal_flip,0.00018164162171369592
EURUSD=X,LONG,2021-09-09,1.1819101572036743,2021-09-21,1.1730204820632935,1.0,-0.00784249204443,-2.489914033027716,12,signal_flip,0.00032104459243987346
EURUSD=X,SHORT,2021-09-21,1.1730204820632935,2021-09-22,1.17229163646698,1.0,0.0004381890704456963,0.13912071691510502,1,signal_flip,0.00018315182466931165
EURUSD=X,LONG,2021-09-22,1.17229163646698,2021-09-23,1.168770432472229,1.0,-0.00318715466279657,-1.011890235319158,1,signal_flip,0.00018346182287915433
EURUSD=X,SHORT,2021-09-23,1.168770432472229,2021-09-24,1.1740258932113647,1.0,-0.0046799081035569816,-1.4858247600777224,1,signal_flip,0.00018333581431870556
EURUSD=X,LONG,2021-09-24,1.1740258932113647,2021-09-27,1.1723054647445679,1.0,-0.0016736847474570502,-0.5313784337871958,3,signal_flip,0.00020827544367169138
EURUSD=X,SHORT,2021-09-27,1.1723054647445679,2021-10-21,1.1655012369155884,1.0,0.005330668806426435,1.692434878014463,24,signal_flip,0.0004734735725072384
AUDUSD=X,SHORT,2021-09-30,0.7179998159408569,2021-10-01,0.7231180667877197,0.5993297612472206,-0.0044794881363632195,-1.422193393161752,1,signal_flip,0.00020717498258605974
AUDUSD=X,LONG,2021-10-01,0.7231180667877197,2021-11-12,0.7291999459266663,0.6008450193203396,0.004536961928984169,1.4404407566232,42,signal_flip,0.0005165237417272884
EURUSD=X,LONG,2021-10-21,1.1655012369155884,2021-10-22,1.1625338792800903,1.0,-0.0027304105042494633,-0.8668784605635057,1,signal_flip,0.0001844178089942242
EURUSD=X,SHORT,2021-10-22,1.1625338792800903,2021-11-29,1.1293182373046875,1.0,0.02799669738047091,8.88867585598314,38,resize,0.0005750651869751819
AUDUSD=X,SHORT,2021-11-12,0.7291999459266663,2022-03-21,0.7409987449645996,0.612527028742394,-0.011026197890588356,-3.500709303009812,129,resize,0.0011152216791875224
USDJPY=X,LONG,2021-11-22,114.13800048828125,2021-12-06,113.04199981689453,0.8904880856639786,-0.0087168813875136,-2.767524043129036,14,resize,0.00016604349325948317
GBPUSD=X,SHORT,2021-11-23,1.3397642374038696,2021-11-30,1.3315047025680542,0.6860411137241685,0.0040147883544669576,1.2746557862973364,7,signal_flip,0.0002145979206782799
EURUSD=X,SHORT,2021-11-29,1.1293182373046875,2022-01-17,1.1410704851150513,0.8837797218841481,-0.009751682542008953,-3.096063224472704,49,resize,0.0005546307648714422
GBPUSD=X,LONG,2021-11-30,1.3315047025680542,2021-12-01,1.3295927047729492,0.6952576181529259,-0.0011638873661607243,-0.36952278299415,1,signal_flip,0.00016551985730062316
GBPUSD=X,SHORT,2021-12-01,1.3295927047729492,2022-01-13,1.3709993362426758,0.695071767965212,-0.02217718042994287,-7.04103650378848,43,signal_flip,0.000531017332152998
USDJPY=X,LONG,2021-12-06,113.04199981689453,2022-01-03,115.14199829101562,0.7890197939635524,0.014366579829003068,4.561247690171877,28,resize,0.00029116124120719486
USDJPY=X,LONG,2022-01-03,115.14199829101562,2022-03-28,122.2699966430664,0.9366458903411287,0.05697664661781013,18.089524498696203,84,resize,0.0010074987149156455
GBPUSD=X,LONG,2022-01-13,1.3709993362426758,2022-01-14,1.3713659048080444,0.7818601192237393,2.813539690782536e-05,0.008932711590744189,1,signal_flip,0.00018091309396043722
GBPUSD=X,SHORT,2022-01-14,1.3713659048080444,2022-01-17,1.367353081703186,0.7834532842412902,0.002091250785323972,0.6639515408442904,3,signal_flip,0.00020125147797295836
EURUSD=X,SHORT,2022-01-17,1.1410704851150513,2022-03-07,1.087453007698059,0.780667480445531,0.03619060100865467,11.490159608023632,49,resize,0.0004919891985121394
GBPUSD=X,LONG,2022-01-17,1.367353081703186,2022-01-18,1.364800214767456,0.7801133429539884,-0.001637629306446245,-0.5199311861481539,1,signal_flip,0.00018114700791051186
GBPUSD=X,SHORT,2022-01-18,1.364800214767456,2022-01-31,1.3403388261795044,0.7788942153548831,0.013731023219202125,4.359464722135483,13,resize,0.00022914022783384938
GBPUSD=X,SHORT,2022-01-31,1.3403388261795044,2022-03-07,1.3212482929229736,0.9215424208293924,0.01270629355028873,4.034123138333755,35,resize,0.0004192952101992311
EURUSD=X,SHORT,2022-03-07,1.087453007698059,2022-05-16,1.0400632619857788,0.6713741446452154,0.02865428565183685,9.097453659715995,70,resize,0.0006033004390652669
GBPUSD=X,SHORT,2022-03-07,1.3212482929229736,2022-04-25,1.2830876111984253,0.8076226415016763,0.022814260463395394,7.24330314383969,49,resize,0.000511734159237724
AUDUSD=X,SHORT,2022-03-21,0.7409987449645996,2022-05-23,0.7062894701957703,0.4957334471727284,0.02280989328031696,7.241916606197039,63,resize,0.00041085917971481797
USDJPY=X,LONG,2022-03-28,122.2699966430664,2022-04-25,128.60499572753906,0.7380075459005093,0.037966645238443376,12.054036169960291,28,resize,0.00027067590307781344
GBPUSD=X,SHORT,2022-04-25,1.2830876111984253,2022-05-09,1.2326656579971313,0.695097529166396,0.027175781394422727,8.628043110419837,14,resize,0.00013971505342117772
USDJPY=X,LONG,2022-04-25,128.60499572753906,2022-05-23,127.90299987792969,0.6051417107236425,-0.003525441872785097,-1.1192930948403812,28,resize,0.0002222500570215392
GBPUSD=X,SHORT,2022-05-09,1.2326656579971313,2022-06-20,1.2228227853775024,0.5544801794956667,0.0041192699301732345,1.3078276582061736,42,resize,0.0003082710996893167
EURUSD=X,SHORT,2022-05-16,1.0400632619857788,2022-10-10,0.9735012650489807,0.5548444382527494,0.03447037092262172,10.9440034873691,147,resize,0.001038578531920166
AUDUSD=X,SHORT,2022-05-23,0.7062894701957703,2023-02-02,0.7145000696182251,0.3934218002001102,-0.005903540171759194,-1.874315897922524,255,signal_flip,0.0013300204722388334
USDJPY=X,LONG,2022-05-23,127.90299987792969,2022-11-14,139.55299377441406,0.49289241258044725,0.04380091047954083,13.906357959248151,175,resize,0.0010939989726690756
GBPUSD=X,SHORT,2022-06-20,1.2228227853775024,2022-09-12,1.1619395017623901,0.43327588187361166,0.021095534479440514,6.697624560790562,84,resize,0.00047689507874386166
GBPUSD=X,SHORT,2022-09-12,1.1619395017623901,2022-09-26,1.0797386169433594,0.5754894201329093,0.040585563328626395,12.88551688644099,14,resize,0.0001271755593831332
GBPUSD=X,SHORT,2022-09-26,1.0797386169433594,2022-11-07,1.1331573724746704,0.39071902793311425,-0.0195508755044578,-6.207210539805578,42,resize,0.00022052655975074984
EURUSD=X,SHORT,2022-10-10,0.9735012650489807,2023-01-30,1.0871455669403076,0.4478347263716857,-0.05292172384067379,-16.802126428231308,112,resize,0.00064252640312046
GBPUSD=X,SHORT,2022-11-07,1.1331573724746704,2023-01-30,1.2400301694869995,0.2866386466467258,-0.02735191859729112,-8.683964938669792,84,resize,0.0003178325620356435
USDJPY=X,LONG,2022-11-14,139.55299377441406,2023-06-12,139.37100219726562,0.39139063115078876,-0.001553616575253141,-0.49325797090412127,210,resize,0.0010432026004773903
EURUSD=X,SHORT,2023-01-30,1.0871455669403076,2023-03-31,1.0904649496078491,0.5630877615735477,-0.0021965681756803013,-0.6973887756778696,60,signal_flip,0.0004772917393771285
GBPUSD=X,SHORT,2023-01-30,1.2400301694869995,2023-04-03,1.228697419166565,0.4063654771652849,0.003376783874223881,1.0720956434891522,63,resize,0.0003370277772003953
AUDUSD=X,LONG,2023-02-02,0.7145000696182251,2023-02-03,0.7074687480926514,0.3867579419982493,-0.003941474986587291,-1.2513795135949939,1,signal_flip,0.00013542995119362008
AUDUSD=X,SHORT,2023-02-03,0.7074687480926514,2023-06-26,0.6680517792701721,0.38876960151576545,0.020874511500251682,6.6274519403548515,143,resize,0.0007859778194373067
EURUSD=X,LONG,2023-03-31,1.0904649496078491,2023-04-03,1.0803335905075073,0.5859555563938852,-0.005574151970459802,-1.7697383860700753,3,signal_flip,0.0001301198988174414
EURUSD=X,SHORT,2023-04-03,1.0803335905075073,2023-04-04,1.091226577758789,0.5784529322939713,-0.005946373331058802,-1.8879150044074013,1,signal_flip,0.00011384116478158827
GBPUSD=X,SHORT,2023-04-03,1.228697419166565,2023-04-25,1.25,0.5250181575705695,-0.009311042645691915,-2.956164394466124,22,signal_flip,0.0002085235338225212
EURUSD=X,LONG,2023-04-04,1.091226577758789,2023-06-12,1.0750954151153564,0.5628382216437907,-0.00887345749866744,-2.8172354172930363,69,resize,0.0005532469389835999
GBPUSD=X,LONG,2023-04-25,1.25,2023-05-12,1.2508130073547363,0.5072009800727774,9.956558815415503e-05,0.031611094247492734,17,signal_flip,0.00023032091354875837
GBPUSD=X,SHORT,2023-05-12,1.2508130073547363,2023-05-31,1.241187572479248,0.5707385403284415,0.00411798775244561,1.307420579397708,19,signal_flip,0.00027404096692369066
GBPUSD=X,LONG,2023-05-31,1.241187572479248,2023-09-11,1.2489992380142212,0.643110191694912,0.003121493142036001,0.9910433487625053,103,resize,0.0009260511865123448
EURUSD=X,LONG,2023-06-12,1.0750954151153564,2023-10-09,1.056747317314148,0.6959660718856105,-0.012934333492553239,-4.106523575480326,119,resize,0.0010566402443591902
USDJPY=X,LONG,2023-06-12,139.37100219726562,2023-10-02,149.5399932861328,0.49843209000274064,0.035656920766819734,11.320721384080745,112,resize,0.0007104110434896782
AUDUSD=X,SHORT,2023-06-26,0.6680517792701721,2023-09-20,0.646600067615509,0.4979735457482649,0.015358384311305146,4.876135851296332,86,signal_flip,0.0006319703984931982
GBPUSD=X,LONG,2023-09-11,1.2489992380142212,2023-11-20,1.2454540729522705,0.7578521805330861,-0.0028344661127823936,-0.8999150920874606,70,resize,0.0006833750706287723
AUDUSD=X,LONG,2023-09-20,0.646600067615509,2023-09-21,0.6436100006103516,0.5338227623535994,-0.0026738778906022042,-0.8489299121624885,1,signal_flip,0.0002053259861742666
AUDUSD=X,SHORT,2023-09-21,0.6436100006103516,2023-09-26,0.6422001123428345,0.532909758571511,0.0009348804231271495,0.296815332621273,5,signal_flip,0.00023250854774468937
AUDUSD=X,LONG,2023-09-26,0.6422001123428345,2023-10-13,0.6316800117492676,0.534630313854508,-0.009073933099952174,-2.880884447485302,17,signal_flip,0.0003159703185362405
USDJPY=X,LONG,2023-10-02,149.5399932861328,2023-10-05,148.96600341796875,0.6044527625668334,-0.0023835362532852095,-0.7567493000519191,3,signal_flip,6.342272463685211e-05
USDJPY=X,SHORT,2023-10-05,148.96600341796875,2023-10-11,148.6280059814453,0.6610498511434033,0.001361070238346605,0.43212640410678305,6,signal_flip,0.0001388233613612874
EURUSD=X,LONG,2023-10-09,1.056747317314148,2023-11-20,1.090702772140503,0.8355285164465753,0.02639089457738642,8.378849271394502,42,resize,0.00045634726699395094
USDJPY=X,LONG,2023-10-11,148.6280059814453,2023-10-23,149.8800048828125,0.6466732443620147,0.0052924333373012755,1.6802954929064156,12,resize,0.00015495315045033694
AUDUSD=X,SHORT,2023-10-13,0.6316800117492676,2023-10-24,0.6336702108383179,0.5276291524236983,-0.0019356465507604432,-0.6145487279318514,11,signal_flip,0.00027327471853784907
USDJPY=X,LONG,2023-10-23,149.8800048828125,2023-12-04,146.39300537109375,0.8516466019553631,-0.020275854810875304,-6.437384333859435,42,resize,0.0004620625208549249
AUDUSD=X,LONG,2023-10-24,0.6336702108383179,2023-10-25,0.6360999345779419,0.5852100436703201,0.0020153141540593038,0.6398424078371315,1,signal_flip,0.00022859555078708755
AUDUSD=X,SHORT,2023-10-25,0.6360999345779419,2023-11-20,0.6513597369194031,0.601347975422328,-0.01475756461402755,-4.685381511082056,26,resize,0.0003314489291214903
AUDUSD=X,SHORT,2023-11-20,0.6513597369194031,2023-12-22,0.6796802878379822,0.4872417388547085,-0.021467305779416045,-6.815658289309736,32,signal_flip,0.00028246168672809916
EURUSD=X,LONG,2023-11-20,1.090702772140503,2024-01-22,1.089229702949524,0.680352777730799,-0.0015213383736229285,-0.48300995959028825,63,signal_flip,0.0006024751035631918
GBPUSD=X,LONG,2023-11-20,1.2454540729522705,2024-02-12,1.2637271881103516,0.6332048905342663,0.008607562165926879,2.732816266268521,84,resize,0.0006827249146438754
USDJPY=X,LONG,2023-12-04,146.39300537109375,2023-12-18,142.31300354003906,0.6845609728334924,-0.01920966973944771,-6.098881067791389,14,resize,0.00013082088632675588
USDJPY=X,LONG,2023-12-18,142.31300354003906,2024-03-18,148.9550018310547,0.5411709411397543,0.024628533540631808,7.819316988566982,91,resize,0.0006288665337491457
AUDUSD=X,LONG,2023-12-22,0.6796802878379822,2023-12-25,0.6808788776397705,0.4579117232587635,0.0006286525046386288,0.1995909826022029,3,signal_flip,0.00017885704277392412
AUDUSD=X,SHORT,2023-12-25,0.6808788776397705,2023-12-26,0.6806008219718933,0.4718893643267694,2.0395605784909713e-05,0.006475404089445771,1,signal_flip,0.00017231343053718162
AUDUSD=X,LONG,2023-12-26,0.6806008219718933,2023-12-27,0.6823800802230835,0.48048320427638264,0.001080836258036777,0.34315487360963387,1,signal_flip,0.00017526523077738337
AUDUSD=X,SHORT,2023-12-27,0.6823800802230835,2024-02-12,0.6525583267211914,0.48066668434565035,0.02061510762007214,6.54509376162522,47,resize,0.00039125495200290246
EURUSD=X,SHORT,2024-01-22,1.089229702949524,2024-01-24,1.0857881307601929,0.7022758596376809,0.002072088764427917,0.6578677878152843,2,signal_flip,0.00014684913381597065
EURUSD=X,LONG,2024-01-24,1.0857881307601929,2024-02-12,1.0798202753067017,0.7041363274766531,-0.00411333740945161,-1.3059441412689148,19,resize,0.00024316817211542728
AUDUSD=X,SHORT,2024-02-12,0.6525583267211914,2024-05-10,0.6620998978614807,0.6008636823816332,-0.009560779368938274,-3.0354533460201276,88,signal_flip,0.0007750764879908967
EURUSD=X,LONG,2024-02-12,1.0798202753067017,2024-03-11,1.0942955017089844,0.8095648796601066,0.010551435750717058,3.349976996528814,28,resize,0.00030095810444402205
GBPUSD=X,LONG,2024-02-12,1.2637271881103516,2024-03-11,1.2855123281478882,0.739390384072201,0.012465778395165385,3.957761943893936,28,resize,0.0002804244332368407
EURUSD=X,LONG,2024-03-11,1.0942955017089844,2024-03-19,1.087393879890442,0.9777631197432796,-0.006355130011077174,-2.017691227055203,8,signal_flip,0.00018846728602009113
GBPUSD=X,LONG,2024-03-11,1.2855123281478882,2024-04-15,1.2461835145950317,0.9072956299519268,-0.028266984879301942,-8.97448947651073,35,signal_flip,0.0005092886780441474
USDJPY=X,LONG,2024-03-18,148.9550018310547,2024-05-20,155.75399780273438,0.6665650158819545,0.029888392002509735,9.489270279150308,63,resize,0.0005367216367368311
EURUSD=X,SHORT,2024-03-19,1.087393879890442,2024-03-20,1.0863306522369385,1.0,0.0007811611972016826,0.24801099139789642,1,signal_flip,0.00019661481677639965
EURUSD=X,LONG,2024-03-20,1.0863306522369385,2024-03-22,1.0862362384796143,1.0,-0.0002962223407634972,-0.09404767757299735,2,signal_flip,0.0002093116408492084
EURUSD=X,SHORT,2024-03-22,1.0862362384796143,2024-04-22,1.065825343132019,0.9660486319399515,0.01767658843490168,5.612142843214836,31,resize,0.0004759246453217126
GBPUSD=X,SHORT,2024-04-15,1.2461835145950317,2024-04-30,1.2559815645217896,0.8231967466239286,-0.006825308386753687,-2.1669682335208456,15,signal_flip,0.0003529688568996842
EURUSD=X,SHORT,2024-04-22,1.065825343132019,2024-05-10,1.078515887260437,0.8628116553342277,-0.010548972719031735,-3.3491950082115376,18,signal_flip,0.0002756671937979248
GBPUSD=X,LONG,2024-04-30,1.2559815645217896,2024-06-05,1.2773023843765259,0.8631145731510053,0.014055823706385081,4.46258567991133,36,signal_flip,0.0005959123126517338
AUDUSD=X,LONG,2024-05-10,0.6620998978614807,2024-05-24,0.6601487994194031,0.5640100798788839,-0.0019662722896628677,-0.6242720985942608,14,signal_flip,0.0003042282511090406
EURUSD=X,LONG,2024-05-10,1.078515887260437,2024-06-04,1.0907385349273682,0.9285393281630484,0.01005930137840408,3.1937291772367726,25,signal_flip,0.0004636859851425094
USDJPY=X,LONG,2024-05-20,155.75399780273438,2024-08-05,145.58399963378906,0.5473811637790623,-0.03631001504956821,-11.528072390660414,77,signal_flip,0.0005686182836324478
AUDUSD=X,SHORT,2024-05-24,0.6601487994194031,2024-06-17,0.6612882018089294,0.545175145998831,-0.0013038359198457856,-0.4139550713214113,24,signal_flip,0.0003628755415071936
EURUSD=X,SHORT,2024-06-04,1.0907385349273682,2024-07-29,1.0853756666183472,0.8891605109972066,0.0036639017957219924,1.1632527575572043,55,resize,0.0007078615310201167
GBPUSD=X,SHORT,2024-06-05,1.2773023843765259,2024-06-06,1.2794759273529053,0.8009718408627305,-0.0015610428917661164,-0.4956157533021915,1,flat,0.00019805575553317057
GBPUSD=X,LONG,2024-06-07,1.2793285846710205,2024-06-10,1.2729448080062866,0.8091846769478084,-0.004258597680566483,-1.3520628475986476,3,signal_flip,0.00022081229840995416
GBPUSD=X,SHORT,2024-06-10,1.2729448080062866,2024-06-12,1.274047613143921,0.7977762274582533,-0.0008991826106931837,-0.2854816285353567,2,signal_flip,0.00020803581721882389
GBPUSD=X,LONG,2024-06-12,1.274047613143921,2024-06-21,1.2660471200942993,0.8149615577654379,-0.005402535433787766,-1.7152518248420268,9,signal_flip,0.00028491328894362323
AUDUSD=X,LONG,2024-06-17,0.6612882018089294,2024-06-21,0.6660698652267456,0.552120066167837,0.0037648022392907246,1.195287655260281,4,signal_flip,0.00022748480804388958
AUDUSD=X,SHORT,2024-06-21,0.6660698652267456,2024-06-25,0.6654599905014038,0.5480548699685623,0.0002766300524020339,0.08782731885870572,4,signal_flip,0.00022518639470672455
GBPUSD=X,SHORT,2024-06-21,1.2660471200942993,2024-07-08,1.2806508541107178,0.8445285429069875,-0.010038553595898137,-3.187141960504759,17,resize,0.0002969965763075026
AUDUSD=X,LONG,2024-06-25,0.6654599905014038,2024-06-26,0.6644800901412964,0.5542053257006169,-0.00102308150970163,-0.3248183094742834,1,signal_flip,0.000207005402979846
AUDUSD=X,SHORT,2024-06-26,0.6644800901412964,2024-07-10,0.6741496920585632,0.5636161132841523,-0.008503338101455593,-2.699726151642195,14,signal_flip,0.0003015220794645718
GBPUSD=X,SHORT,2024-07-08,1.2806508541107178,2024-07-11,1.285264492034912,0.981615088090557,-0.003688003210916434,-1.1709047196591091,3,signal_flip,0.00015166340148360354
AUDUSD=X,LONG,2024-07-10,0.6741496920585632,2024-07-12,0.6768500804901123,0.6726608163598252,0.0024384828450302646,0.7741943021096803,2,signal_flip,0.0002559417141618628
GBPUSD=X,LONG,2024-07-11,1.285264492034912,2024-08-07,1.2684721946716309,0.965911125502556,-0.013175389467667468,-4.183056474944136,27,signal_flip,0.0005555225480887238
AUDUSD=X,SHORT,2024-07-12,0.6768500804901123,2024-07-15,0.6771998405456543,0.6746010463088978,-0.0006132361549311285,-0.19469644330814903,3,signal_flip,0.0002646382804138449
AUDUSD=X,LONG,2024-07-15,0.6771998405456543,2024-10-07,0.6800592541694641,0.6775375361772301,0.0020039734089306845,0.6362418328820323,84,resize,0.0008568661034157974
EURUSD=X,SHORT,2024-07-29,1.0853756666183472,2024-08-05,1.0910836458206177,1.0,-0.0054388331824093555,-1.7267760027625383,7,signal_flip,0.00017984371192071607
EURUSD=X,LONG,2024-08-05,1.0910836458206177,2024-11-07,1.073306918144226,0.9158177019827294,-0.01617502334440484,-5.135410706395136,94,signal_flip,0.0012538557953108835
USDJPY=X,SHORT,2024-08-05,145.58399963378906,2024-08-06,145.7899932861328,0.46230051618730295,-0.0007234201248998326,-0.22967876926850903,1,signal_flip,6.928936843365439e-05
USDJPY=X,LONG,2024-08-06,145.7899932861328,2024-08-07,144.73199462890625,0.46243332634268147,-0.0034253770549901095,-1.0875235000956778,1,signal_flip,6.949626166885321e-05
GBPUSD=X,SHORT,2024-08-07,1.2684721946716309,2024-08-09,1.2747459411621094,0.9642390476886352,-0.005020820111983339,-1.594060967267926,2,signal_flip,0.00025178270869601277
USDJPY=X,SHORT,2024-08-07,144.73199462890625,2024-08-09,147.66900634765625,0.47443324312306095,-0.009704423094287554,-3.0810588149804143,2,signal_flip,7.686286899162521e-05
GBPUSD=X,LONG,2024-08-09,1.2747459411621094,2024-09-02,1.3128528594970703,0.9502300448889447,0.027994923327551737,8.888112611642724,24,resize,0.00041100255207770104
USDJPY=X,LONG,2024-08-09,147.66900634765625,2024-08-21,145.3470001220703,0.45963313109490206,-0.007359693340323196,-2.336630196503212,12,signal_flip,0.00013223906074842797
USDJPY=X,SHORT,2024-08-21,145.3470001220703,2024-10-17,149.5760040283203,0.4343235557141415,-0.013007861775215351,-4.129868081510759,57,signal_flip,0.0003708206794315556
GBPUSD=X,LONG,2024-09-02,1.3128528594970703,2024-10-07,1.3125253915786743,0.8463751276533695,-0.0005982197524169296,-0.18992888331141916,35,resize,0.00038710645115866123
AUDUSD=X,LONG,2024-10-07,0.6800592541694641,2024-11-13,0.6529401540756226,0.5655094835314942,-0.02291868272953,-7.276456185543287,37,signal_flip,0.0003675473778954491
GBPUSD=X,LONG,2024-10-07,1.3125253915786743,2024-11-15,1.266784906387329,0.7248343965481978,-0.0257018906187057,-8.160097296153516,39,signal_flip,0.000441977786380757
USDJPY=X,LONG,2024-10-17,149.5760040283203,2024-10-18,150.10000610351562,0.37968078941944006,0.0012746540509497805,0.4046901151745008,1,signal_flip,5.546251995358203e-05
USDJPY=X,SHORT,2024-10-18,150.10000610351562,2024-10-22,150.60499572753906,0.3794644244871693,-0.00134625281456341,-0.42742201789866446,4,signal_flip,6.959998804790748e-05
USDJPY=X,LONG,2024-10-22,150.60499572753906,2024-12-30,157.8730010986328,0.3793112155297189,0.017941580902267436,5.696275343369459,69,resize,0.0003634954895775966
EURUSD=X,SHORT,2024-11-07,1.073306918144226,2025-01-13,1.0244431495666504,0.7624130363106468,0.03398473661364994,10.789819374209895,67,resize,0.0007251618664828054
AUDUSD=X,SHORT,2024-11-13,0.6529401540756226,2025-04-07,0.5987701416015625,0.5109442152134945,0.041328861234784305,13.121506655608453,145,resize,0.0010607120498420462
GBPUSD=X,SHORT,2024-11-15,1.266784906387329,2024-11-19,1.2679253816604614,0.690860756814036,-0.0008203280144790362,-0.2604460703773107,4,signal_flip,0.00019835217126279602
GBPUSD=X,LONG,2024-11-19,1.2679253816604614,2024-11-20,1.2694543600082397,0.6884150671619664,0.000658693806357115,0.2091288002111355,1,signal_flip,0.00017145893543642495
GBPUSD=X,SHORT,2024-11-20,1.2694543600082397,2024-11-21,1.2655344009399414,0.6922308432701977,0.0019649815652109485,0.6238623062849542,1,signal_flip,0.00017256402675122246
GBPUSD=X,LONG,2024-11-21,1.2655344009399414,2024-11-22,1.2584789991378784,0.6911121912094539,-0.004025973766094363,-1.278207044394697,1,signal_flip,0.0001729973510199759
GBPUSD=X,SHORT,2024-11-22,1.2584789991378784,2024-11-25,1.2593823671340942,0.685652981737671,-0.0006814836602503668,-0.2163643545091805,3,signal_flip,0.00018930464046854322
GBPUSD=X,LONG,2024-11-25,1.2593823671340942,2024-11-26,1.2533055543899536,0.685926668562568,-0.0034821896172230193,-1.105560929417197,1,signal_flip,0.0001724339545704301
GBPUSD=X,SHORT,2024-11-26,1.2533055543899536,2024-11-27,1.2573871612548828,0.6818041337303912,-0.002391939844066997,-0.7594173574113467,1,signal_flip,0.00017152645562913219
GBPUSD=X,LONG,2024-11-27,1.2573871612548828,2024-12-03,1.265854835510254,0.6800208678670142,0.004366384329534047,1.3862840477371905,6,signal_flip,0.00021310826700715542
GBPUSD=X,SHORT,2024-12-03,1.265854835510254,2024-12-04,1.2674272060394287,0.6650977932986306,-0.0009920512718440003,-0.314966514374947,1,signal_flip,0.00016590585622027908
GBPUSD=X,LONG,2024-12-04,1.2674272060394287,2024-12-13,1.2677323818206787,0.6660399450502207,-7.278295422640142e-05,-0.023107871588118677,9,signal_flip,0.00023315450030487344
GBPUSD=X,SHORT,2024-12-13,1.2677323818206787,2025-02-19,1.2625784873962402,0.6893652803939254,0.0020485165381200674,0.6503838379762398,68,signal_flip,0.0007540590890175023
USDJPY=X,LONG,2024-12-30,157.8730010986328,2025-02-21,149.4080047607422,0.5145686072829236,-0.027968703956637177,-8.879788219446025,53,signal_flip,0.0003780371172699703
EURUSD=X,SHORT,2025-01-13,1.0244431495666504,2025-03-10,1.086059331893921,0.6542394698411029,-0.039821132668838646,-12.642817675998822,56,resize,0.00047122977136844263
GBPUSD=X,LONG,2025-02-19,1.2625784873962402,2025-02-20,1.2584155797958374,0.6060397277929359,-0.002150076471652566,-0.6826281172516686,1,signal_flip,0.00015187405163656617
GBPUSD=X,SHORT,2025-02-20,1.2584155797958374,2025-03-05,1.2794268131256104,0.6174344191439429,-0.010556152574457855,-3.3514745416403673,13,signal_flip,0.0002471109074983543
USDJPY=X,SHORT,2025-02-21,149.4080047607422,2025-02-25,149.86399841308594,0.5314923572802751,-0.0017199390695441107,-0.5460637257837052,4,signal_flip,9.782289459663192e-05
USDJPY=X,LONG,2025-02-25,149.86399841308594,2025-03-06,148.8979949951172,0.5403467952312959,-0.003616618741636606,-1.1482408532766986,9,signal_flip,0.00013361510761428626
GBPUSD=X,LONG,2025-03-05,1.2794268131256104,2025-07-14,1.3493820428848267,0.5826281165944353,0.0308153267966297,9.78356295276802,131,resize,0.0010410352417526917
USDJPY=X,SHORT,2025-03-06,148.8979949951172,2025-04-28,143.84100341796875,0.5261759504564859,0.017476429375271926,5.548594311882411,53,resize,0.0003939747872809872
EURUSD=X,SHORT,2025-03-10,1.086059331893921,2025-03-12,1.0914170742034912,0.5495239241223273,-0.0027751048781968508,-0.8810684843797271,2,signal_flip,6.419628238646543e-05
EURUSD=X,LONG,2025-03-12,1.0914170742034912,2025-03-25,1.0803569555282593,0.5440780002855747,-0.005702859080273694,-1.8106016266140879,13,signal_flip,0.00018932315164354142
EURUSD=X,SHORT,2025-03-25,1.0803569555282593,2025-04-01,1.0818880796432495,0.5700351272187277,-0.0009636009507668476,-0.3059338174601368,7,signal_flip,0.00015572488238970177
EURUSD=X,LONG,2025-04-01,1.0818880796432495,2025-04-14,1.1343141794204712,0.5937313362715363,0.028609047414327928,9.083090964572058,13,resize,0.00016196768595742184
AUDUSD=X,SHORT,2025-04-07,0.5987701416015625,2025-07-07,0.6551792025566101,0.34428005607540524,-0.03286735920780673,-10.43506304583426,91,resize,0.00043335270103658785
EURUSD=X,LONG,2025-04-14,1.1343141794204712,2025-07-07,1.178078293800354,0.4820643344243864,0.01808034198210863,5.740330620439209,84,resize,0.0005186661701033298
USDJPY=X,SHORT,2025-04-28,143.84100341796875,2025-07-28,147.81300354003906,0.4213230773586286,-0.012145888642847673,-3.8562000961030503,91,signal_flip,0.0005115474262703946
AUDUSD=X,SHORT,2025-07-07,0.6551792025566101,2025-07-23,0.6554712057113647,0.5552384238219812,-0.0004610365969702135,-0.14637458170592396,16,signal_flip,0.00021357548897965475
EURUSD=X,LONG,2025-07-07,1.178078293800354,2025-09-08,1.1713168621063232,0.5821683822519986,-0.003811976931020344,-1.210265155559406,63,resize,0.0004706949706141014
GBPUSD=X,LONG,2025-07-14,1.3493820428848267,2025-09-15,1.3553440570831299,0.6827732934309168,0.0024636399709155685,0.7821814419649195,63,resize,0.0005530772672616039
AUDUSD=X,LONG,2025-07-23,0.6554712057113647,2025-07-30,0.651321530342102,0.5877639247073105,-0.003988762760093168,-1.2663929162450538,7,signal_flip,0.00026773053160326964
USDJPY=X,LONG,2025-07-28,147.81300354003906,2025-08-05,146.79299926757812,0.5019242419407867,-0.0035823368911196344,-1.1373567031625786,8,signal_flip,0.00011873856776483779
AUDUSD=X,SHORT,2025-07-30,0.651321530342102,2025-08-18,0.651296079158783,0.614964928558857,-0.00025788173983986164,-0.0818749141537118,19,resize,0.0002819122445943425
USDJPY=X,SHORT,2025-08-05,146.79299926757812,2025-08-06,147.55999755859375,0.48942888792701794,-0.002629957961029391,-0.8349857668125923,1,signal_flip,7.267578485816887e-05
USDJPY=X,LONG,2025-08-06,147.55999755859375,2025-08-07,147.1929931640625,0.49031747410767945,-0.0012922118847609899,-0.41026455459355615,1,signal_flip,7.27169627613582e-05
USDJPY=X,SHORT,2025-08-07,147.1929931640625,2025-08-12,148.125,0.4950436868950866,-0.00323278984032736,-1.0263789550130882,5,signal_flip,9.823777805854851e-05
USDJPY=X,LONG,2025-08-12,148.125,2025-10-01,147.9969940185547,0.4942006159648631,-0.0008051495080759515,-0.2556270439913951,50,signal_flip,0.00037807349202559196
AUDUSD=X,SHORT,2025-08-18,0.651296079158783,2025-10-30,0.657680094242096,0.7311227543069491,-0.007972301308681758,-2.531127196757606,73,signal_flip,0.0008058238177110595
EURUSD=X,LONG,2025-09-08,1.1713168621063232,2025-10-27,1.1631693840026855,0.6830555719272954,-0.0051833548151706465,-1.6456641357540838,49,resize,0.0004321380472008188
GBPUSD=X,LONG,2025-09-15,1.3553440570831299,2025-12-22,1.3377031087875366,0.7834551747617405,-0.011180039719579671,-3.5495525694998538,98,resize,0.0009827085270623212
USDJPY=X,SHORT,2025-10-01,147.9969940185547,2025-10-06,149.6060028076172,0.576410904780805,-0.006380469308947474,-2.0257362047226195,5,signal_flip,0.0001137865424887158
USDJPY=X,LONG,2025-10-06,149.6060028076172,2025-10-16,150.9739990234375,0.5384208572602185,0.004783829395974696,1.5188187475571255,10,signal_flip,0.00013948705809744576
USDJPY=X,SHORT,2025-10-16,150.9739990234375,2025-10-24,152.6020050048828,0.5279238434076469,-0.005815561760974692,-1.8463836184411069,8,signal_flip,0.00012277240403501662
USDJPY=X,LONG,2025-10-24,152.6020050048828,2025-10-30,152.7220001220703,0.6246093802878934,0.0003621022855143204,0.11496391159667976,6,signal_flip,0.0001290451000108708
EURUSD=X,LONG,2025-10-27,1.1631693840026855,2025-11-17,1.1615345478057861,0.8047134705981669,-0.001353786112102666,-0.4298137657195996,21,resize,0.00022276020309933733
AUDUSD=X,LONG,2025-10-30,0.657680094242096,2025-10-31,0.6559299826622009,0.772345408965199,-0.0023471905095674775,-0.7452098841607822,1,signal_flip,0.00029195019479643383
USDJPY=X,SHORT,2025-10-30,152.7220001220703,2025-10-31,153.89999389648438,0.6166026204711731,-0.004844261591018511,-1.538005374669248,1,signal_flip,8.820779639915652e-05
AUDUSD=X,SHORT,2025-10-31,0.6559299826622009,2025-11-06,0.6509907841682434,0.7699774718539995,0.005456981298858913,1.7325378511093106,6,signal_flip,0.00034100273889933595
USDJPY=X,LONG,2025-10-31,153.89999389648438,2025-11-05,153.5570068359375,0.6116374940721617,-0.0014812206809937097,-0.47027298704581116,5,signal_flip,0.00011810336759619371
USDJPY=X,SHORT,2025-11-05,153.5570068359375,2025-11-14,154.63299560546875,0.6147084320312349,-0.004456806723676955,-1.4149922678795743,9,signal_flip,0.00014948540353397025
AUDUSD=X,LONG,2025-11-06,0.6509907841682434,2025-11-12,0.6529499292373657,0.767633555790728,0.0019695737678181403,0.6253202854131924,6,signal_flip,0.0003406056268743812
AUDUSD=X,SHORT,2025-11-12,0.6529499292373657,2025-11-13,0.6536400318145752,0.773208391598273,-0.0011109977085025674,-0.35273083726325083,1,signal_flip,0.0002937939998121126
AUDUSD=X,LONG,2025-11-13,0.6536400318145752,2025-11-17,0.6533001661300659,0.774435750830563,-0.0007261294186588427,-0.23053894337030426,4,signal_flip,0.0003234549743874426
USDJPY=X,LONG,2025-11-14,154.63299560546875,2025-12-12,155.56700134277344,0.6267517359788426,0.0034837544395262513,1.1060577450964402,28,signal_flip,0.00030191701421367577
AUDUSD=X,SHORT,2025-11-17,0.6533001661300659,2025-11-18,0.6492701172828674,0.8086573849968918,0.004680226516914391,1.4859258531846615,1,signal_flip,0.000308182993969567
EURUSD=X,LONG,2025-11-17,1.1615345478057861,2026-03-09,1.152325987815857,0.9191598309781569,-0.008594332238949254,-2.72861589467096,112,resize,0.0013073010784169256
AUDUSD=X,LONG,2025-11-18,0.6492701172828674,2025-11-20,0.649000883102417,0.7933727256877802,-0.0006423083805238152,-0.20392658878543898,2,signal_flip,0.00031331887383563475
AUDUSD=X,SHORT,2025-11-20,0.649000883102417,2025-11-27,0.6524859666824341,0.7942334388292233,-0.0046279382625818545,-1.4693248470902311,7,signal_flip,0.0003629673073306355
AUDUSD=X,LONG,2025-11-27,0.6524859666824341,2026-01-12,0.6685801148414612,0.7750229148392902,0.018500558708840428,5.873745295121039,46,resize,0.0006160725368631971
USDJPY=X,SHORT,2025-12-12,155.56700134277344,2026-01-09,156.8800048828125,0.6348213374611604,-0.005663182005891009,-1.7980045460260243,28,signal_flip,0.00030521626647131265
GBPUSD=X,LONG,2025-12-22,1.3377031087875366,2026-02-02,1.3679141998291016,0.9206946048770758,0.02029380458822112,6.443083211492956,42,resize,0.0004994404500072635
USDJPY=X,LONG,2026-01-09,156.8800048828125,2026-01-26,155.16600036621094,0.7541621833130663,-0.008456719288203223,-2.6849251372882668,17,resize,0.0002170625555668835
AUDUSD=X,LONG,2026-01-12,0.6685801148414612,2026-01-26,0.691399872303009,0.9108308091018934,0.030906757069264986,9.812591164411517,14,resize,0.00018142173057763932
AUDUSD=X,LONG,2026-01-26,0.691399872303009,2026-02-09,0.7033699154853821,0.7911824666300041,0.013524322589831824,4.293839306796961,14,resize,0.00017323315190122571
USDJPY=X,LONG,2026-01-26,155.16600036621094,2026-01-27,154.33599853515625,0.6383517276509925,-0.003464024770024585,-1.0997937692223316,1,signal_flip,4.940364454110281e-05
USDJPY=X,SHORT,2026-01-27,154.33599853515625,2026-01-30,153.16200256347656,0.6325056621989037,0.00470512960520978,1.4938323386055112,3,signal_flip,0.00010618536041026005
USDJPY=X,LONG,2026-01-30,153.16200256347656,2026-06-01,159.35299682617188,0.6039781474456306,0.02343825990092057,7.441416823431987,122,resize,0.0009752707597245078
GBPUSD=X,LONG,2026-02-02,1.3679141998291016,2026-03-16,1.3247665166854858,0.8089391297785704,-0.025956398142370288,-8.240900929882883,42,resize,0.0004402880979547542
AUDUSD=X,LONG,2026-02-09,0.7033699154853821,2026-03-16,0.7005700469017029,0.5937601180604642,-0.0026443357203030714,-0.8395505638664136,35,resize,0.00028078524110475663
EURUSD=X,LONG,2026-03-09,1.152325987815857,2026-03-23,1.1560158729553223,0.8004168223006091,0.0024123905199837123,0.7659102457256036,14,resize,0.000150639533328787
AUDUSD=X,LONG,2026-03-16,0.7005700469017029,2026-07-06,0.6937001347541809,0.48306048026747483,-0.005447464233233172,-1.7295162764464957,112,resize,0.0007104888571749258
GBPUSD=X,LONG,2026-03-16,1.3247665166854858,2026-04-13,1.339441180229187,0.7008580948639817,0.007503815228805154,2.3823874775517213,28,resize,0.00025970883711151394
EURUSD=X,LONG,2026-03-23,1.1560158729553223,2026-06-08,1.1522595882415771,0.6910660880144724,-0.0029758905135040836,-0.9448159473225729,77,signal_flip,0.0007303841642182428
GBPUSD=X,LONG,2026-04-13,1.339441180229187,2026-05-15,1.3391362428665161,0.5895117723598335,-0.0004379098257937913,-0.1390320594866388,32,signal_flip,0.00030370149490157396
GBPUSD=X,SHORT,2026-05-15,1.3391362428665161,2026-06-15,1.344971776008606,0.6413181284828231,-0.0031284363892473176,-0.9932477614119918,31,resize,0.0003337743723537844
USDJPY=X,LONG,2026-06-01,159.35299682617188,2026-06-15,159.9550018310547,0.7233155417391924,0.0025973336278531964,0.8246278621397692,14,resize,0.00013521351533930608
EURUSD=X,SHORT,2026-06-08,1.1522595882415771,2026-06-09,1.1528440713882446,0.8090332067665019,-0.0005609644962554364,-0.17810070617142104,1,signal_flip,0.00015058277387723813
EURUSD=X,LONG,2026-06-09,1.1528440713882446,2026-06-16,1.1594202518463135,0.8144774146694829,0.00443330377455516,1.4075303128652297,7,signal_flip,0.00021272823516679936
GBPUSD=X,SHORT,2026-06-15,1.344971776008606,2026-07-07,1.3397893905639648,0.7441045237485944,0.002577595701205312,0.8183612647030089,22,signal_flip,0.00028955476392214383
USDJPY=X,LONG,2026-06-15,159.9550018310547,2026-07-27,163.61099243164062,0.8454035292649822,0.018866060784944193,5.989788606766843,42,resize,0.00045679452632299897
EURUSD=X,SHORT,2026-06-16,1.1594202518463135,2026-07-06,1.1437721252441406,0.8890646280225495,0.011688865184245565,3.7110996463289943,20,resize,0.00031040413562024357
AUDUSD=X,LONG,2026-07-06,0.6937001347541809,2026-08-17,0.7085198760032654,0.6498836721693265,0.01352205981530944,4.293120898157852,42,resize,0.0003616161147336514
EURUSD=X,SHORT,2026-07-06,1.1437721252441406,2026-08-25,1.1668338775634766,1.0,-0.02087853346675081,-6.628728875131427,50,signal_flip,0.0007156427909412447
GBPUSD=X,LONG,2026-07-07,1.3397893905639648,2026-07-08,1.3348907232284546,0.8483368059261019,-0.003302763529928353,-1.0485949127333107,1,signal_flip,0.00020099258744314135
GBPUSD=X,SHORT,2026-07-08,1.3348907232284546,2026-07-16,1.3541291952133179,0.8422434356538752,-0.012411258594507856,-3.9404524438056994,8,signal_flip,0.00027282923897701975
GBPUSD=X,LONG,2026-07-16,1.3541291952133179,2026-07-28,1.3289920091629028,0.7874938075617345,-0.014913702890486168,-4.7349538770397865,12,signal_flip,0.00029517282392876
USDJPY=X,LONG,2026-07-27,163.61099243164062,2026-08-03,157.58200073242188,1.0,-0.03695046062024001,-11.731407555652865,7,resize,0.00010090907352613159
GBPUSD=X,SHORT,2026-07-28,1.3289920091629028,2026-07-31,1.3460942506790161,0.8005499784644461,-0.010511764467775596,-3.3373817546663354,3,signal_flip,0.00020982210617937023
GBPUSD=X,LONG,2026-07-31,1.3460942506790161,2026-08-04,1.3427000045776367,0.7701660080492926,-0.0021526875899765146,-0.6834571216191405,4,signal_flip,0.0002106742659335449
USDJPY=X,LONG,2026-08-03,157.58200073242188,2026-08-28,159.31300354003906,0.799597246963,0.008531546314986102,2.708681981793931,25,window_end,0.000251849460056666
GBPUSD=X,SHORT,2026-08-04,1.3427000045776367,2026-08-11,1.3511322736740112,0.7688387456331363,-0.005067423182594938,-1.608856983488359,7,signal_flip,0.00023905111676112003
GBPUSD=X,LONG,2026-08-11,1.3511322736740112,2026-08-14,1.3490725755691528,0.8721155741357383,-0.001556225420663663,-0.4940862536439517,3,signal_flip,0.00022675174124340373
GBPUSD=X,SHORT,2026-08-14,1.3490725755691528,2026-08-17,1.3546648025512695,0.8832797312057069,-0.003890803491935549,-1.23529181278598,3,signal_flip,0.00022939873502590704
AUDUSD=X,LONG,2026-08-17,0.7085198760032654,2026-08-28,0.7197351455688477,0.7545674791097446,0.011839590900165054,3.758953577589611,11,window_end,0.00010457322318359242
GBPUSD=X,LONG,2026-08-17,1.3546648025512695,2026-08-28,1.359767198562622,0.8740306678368497,0.0030741600679151182,0.9760155636130602,11,window_end,0.00021790936872453747
EURUSD=X,LONG,2026-08-25,1.1668338775634766,2026-08-27,1.1653653383255005,1.0,-0.001455277170202273,-0.4620361777230037,2,signal_flip,0.00019670963439960478
EURUSD=X,SHORT,2026-08-27,1.1653653383255005,2026-08-28,1.1657729148864746,1.0,-0.00044815026412518144,-0.14228329786357696,1,window_end,9.840881604009786e-05
