pair,family,params,train_sharpe,train_ret,train_dd,train_trades,train_wr,oos_sharpe,oos_ret,oos_dd,oos_trades,oos_wr
EURUSD,donchian,"{""n"": 10}",-0.688,-35.95,-50.66,52,47.3,-0.565,-19.54,-35.08,34,46.4
EURUSD,donchian,"{""n"": 20}",-0.321,-19.83,-36.84,32,47.9,0.299,9.84,-11.08,16,47.7
EURUSD,donchian,"{""n"": 40}",-0.316,-19.55,-37.29,22,49.0,0.322,10.73,-9.09,8,48.7
EURUSD,donchian,"{""n"": 55}",-0.044,-4.97,-29.1,14,49.5,0.456,16.18,-10.8,6,49.1
EURUSD,ma_cross,"{""fast"": 5, ""slow"": 20}",-0.724,-37.41,-50.09,136,48.1,-0.006,-1.59,-11.04,69,48.1
EURUSD,ma_cross,"{""fast"": 10, ""slow"": 50}",0.038,-0.04,-22.37,44,49.7,0.161,4.5,-10.91,28,47.4
EURUSD,ma_cross,"{""fast"": 20, ""slow"": 100}",-0.262,-16.61,-35.13,28,49.0,-0.156,-6.78,-20.89,18,47.0
EURUSD,ma_cross,"{""fast"": 50, ""slow"": 200}",-0.244,-14.93,-26.18,10,49.7,-0.458,-16.37,-29.09,6,48.5
EURUSD,ma_cross,"{""fast"": 10, ""slow"": 100}",-0.263,-16.7,-35.59,34,49.5,0.023,-0.55,-15.54,22,47.3
EURUSD,ma_cross,"{""fast"": 20, ""slow"": 50}",-0.117,-9.12,-30.35,38,49.4,0.156,4.3,-16.53,26,45.4
EURUSD,rsi_mr,"{""filt"": true, ""hold"": 3, ""lo"": 10, ""n"": 2}",-0.204,-7.07,-14.54,93,43.0,-0.286,-6.85,-12.06,65,39.6
EURUSD,rsi_mr,"{""filt"": true, ""hold"": 5, ""lo"": 10, ""n"": 2}",0.248,8.65,-10.22,71,47.2,-0.434,-10.98,-15.43,43,42.5
EURUSD,rsi_mr,"{""filt"": false, ""hold"": 3, ""lo"": 10, ""n"": 2}",-0.211,-11.49,-20.7,231,44.7,-0.437,-13.52,-18.37,135,42.8
EURUSD,rsi_mr,"{""filt"": false, ""hold"": 5, ""lo"": 10, ""n"": 2}",-0.195,-11.99,-19.25,182,47.0,-0.21,-7.98,-16.0,102,45.4
EURUSD,rsi_mr,"{""filt"": true, ""hold"": 3, ""lo"": 20, ""n"": 2}",-0.382,-14.17,-18.72,114,43.1,-0.298,-7.6,-13.82,73,40.6
EURUSD,rsi_mr,"{""filt"": true, ""hold"": 5, ""lo"": 20, ""n"": 2}",-0.043,-2.86,-15.25,90,46.5,-0.514,-13.96,-18.48,46,43.4
EURUSD,rsi_mr,"{""filt"": false, ""hold"": 3, ""lo"": 20, ""n"": 2}",-0.508,-25.61,-27.1,298,45.8,-0.431,-14.04,-18.61,173,45.0
EURUSD,rsi_mr,"{""filt"": false, ""hold"": 5, ""lo"": 20, ""n"": 2}",-0.662,-33.34,-34.93,258,47.0,-0.145,-6.16,-16.83,150,47.1
EURUSD,rsi_mr,"{""filt"": true, ""hold"": 3, ""lo"": 30, ""n"": 2}",-0.265,-11.56,-19.13,131,44.2,0.075,1.25,-9.67,81,42.9
EURUSD,rsi_mr,"{""filt"": true, ""hold"": 5, ""lo"": 30, ""n"": 2}",0.018,-0.53,-12.27,94,47.3,-0.215,-7.45,-16.6,51,45.1
EURUSD,rsi_mr,"{""filt"": false, ""hold"": 3, ""lo"": 30, ""n"": 2}",-0.246,-14.91,-18.67,383,47.3,0.018,-0.64,-14.93,244,48.1
EURUSD,rsi_mr,"{""filt"": false, ""hold"": 5, ""lo"": 30, ""n"": 2}",-0.303,-18.35,-20.15,351,48.3,0.07,1.14,-15.85,226,49.2
EURUSD,rsi_mr,"{""filt"": true, ""hold"": 3, ""lo"": 10, ""n"": 5}",0.118,2.07,-5.71,34,45.4,0.295,2.98,-5.29,30,40.6
EURUSD,rsi_mr,"{""filt"": true, ""hold"": 5, ""lo"": 10, ""n"": 5}",0.256,5.29,-6.31,32,46.2,0.43,5.73,-6.92,31,43.2
EURUSD,rsi_mr,"{""filt"": false, ""hold"": 3, ""lo"": 10, ""n"": 5}",0.305,10.47,-12.18,116,44.1,0.692,14.52,-4.83,78,45.0
EURUSD,rsi_mr,"{""filt"": false, ""hold"": 5, ""lo"": 10, ""n"": 5}",0.297,11.7,-14.09,106,46.9,0.609,15.79,-7.97,76,47.2
EURUSD,rsi_mr,"{""filt"": true, ""hold"": 3, ""lo"": 20, ""n"": 5}",-0.444,-12.28,-14.83,73,43.0,-0.262,-4.41,-10.22,45,39.7
EURUSD,rsi_mr,"{""filt"": true, ""hold"": 5, ""lo"": 20, ""n"": 5}",-0.145,-5.27,-10.99,69,45.8,-0.241,-4.72,-12.69,43,42.0
EURUSD,rsi_mr,"{""filt"": false, ""hold"": 3, ""lo"": 20, ""n"": 5}",-0.298,-14.7,-19.86,187,46.1,-0.639,-16.86,-21.67,112,43.3
EURUSD,rsi_mr,"{""filt"": false, ""hold"": 5, ""lo"": 20, ""n"": 5}",-0.186,-10.83,-18.68,172,48.3,-0.554,-16.62,-23.61,102,46.2
EURUSD,rsi_mr,"{""filt"": true, ""hold"": 3, ""lo"": 30, ""n"": 5}",0.124,3.73,-11.05,107,46.6,-0.104,-2.5,-13.29,62,41.5
EURUSD,rsi_mr,"{""filt"": true, ""hold"": 5, ""lo"": 30, ""n"": 5}",0.186,6.93,-10.11,99,48.1,-0.019,-1.02,-14.3,56,43.6
EURUSD,rsi_mr,"{""filt"": false, ""hold"": 3, ""lo"": 30, ""n"": 5}",-0.145,-9.72,-19.86,238,48.7,-0.518,-16.64,-23.6,137,45.7
EURUSD,rsi_mr,"{""filt"": false, ""hold"": 5, ""lo"": 30, ""n"": 5}",0.039,0.05,-18.35,216,50.7,-0.428,-14.89,-22.32,119,47.9
EURUSD,rsi_mr,"{""filt"": false, ""hold"": 3, ""lo"": 20, ""n"": 14}",-0.126,-3.35,-10.98,28,46.0,0.554,4.8,-2.21,18,46.9
EURUSD,rsi_mr,"{""filt"": false, ""hold"": 5, ""lo"": 20, ""n"": 14}",-0.112,-3.46,-10.79,27,45.3,0.307,3.34,-3.16,18,49.0
EURUSD,rsi_mr,"{""filt"": true, ""hold"": 3, ""lo"": 30, ""n"": 14}",0.066,0.95,-3.46,17,43.3,0.243,2.58,-4.67,22,43.5
EURUSD,rsi_mr,"{""filt"": true, ""hold"": 5, ""lo"": 30, ""n"": 14}",0.05,0.76,-5.63,17,45.1,0.661,9.15,-4.8,21,48.5
EURUSD,rsi_mr,"{""filt"": false, ""hold"": 3, ""lo"": 30, ""n"": 14}",-0.144,-6.24,-15.79,74,44.6,0.288,5.75,-7.38,58,48.5
EURUSD,rsi_mr,"{""filt"": false, ""hold"": 5, ""lo"": 30, ""n"": 14}",-0.028,-2.46,-15.39,67,45.2,0.639,15.78,-5.38,53,50.7
EURUSD,vol_break,"{""hold"": 3, ""k"": 0.5}",-0.727,-35.21,-38.98,434,44.0,-1.215,-33.77,-37.17,262,41.6
EURUSD,vol_break,"{""hold"": 5, ""k"": 0.5}",-0.678,-34.96,-37.1,397,46.0,-1.228,-35.67,-39.12,236,44.4
EURUSD,vol_break,"{""hold"": 10, ""k"": 0.5}",-0.749,-38.38,-39.67,382,46.9,-1.192,-35.63,-38.76,224,45.7
EURUSD,vol_break,"{""hold"": 3, ""k"": 1.0}",-0.584,-17.93,-22.8,129,37.4,-0.54,-10.82,-13.82,81,37.3
EURUSD,vol_break,"{""hold"": 5, ""k"": 1.0}",-0.451,-16.81,-24.71,120,40.8,-0.408,-9.98,-16.35,75,39.7
EURUSD,vol_break,"{""hold"": 10, ""k"": 1.0}",-0.53,-23.41,-36.88,106,43.3,-0.276,-8.45,-13.14,64,43.1
EURUSD,vol_break,"{""hold"": 3, ""k"": 1.5}",-0.461,-8.8,-10.41,35,34.9,-0.504,-5.17,-7.41,18,36.7
EURUSD,vol_break,"{""hold"": 5, ""k"": 1.5}",-0.385,-8.78,-10.8,35,37.4,-0.373,-4.5,-7.05,18,39.7
EURUSD,vol_break,"{""hold"": 10, ""k"": 1.5}",-0.03,-1.48,-15.17,35,43.0,-0.635,-9.07,-11.64,16,41.2
EURUSD,momentum,"{""hold"": 5, ""look"": 10}",-0.617,-33.18,-49.83,289,49.2,-0.325,-12.26,-13.51,169,46.9
EURUSD,momentum,"{""hold"": 10, ""look"": 10}",-0.718,-37.21,-50.96,285,49.1,0.23,7.13,-9.94,172,49.3
EURUSD,momentum,"{""hold"": 20, ""look"": 10}",-0.166,-11.84,-28.72,282,48.7,-0.217,-8.78,-17.45,175,46.9
EURUSD,momentum,"{""hold"": 5, ""look"": 20}",-0.587,-31.95,-39.95,204,48.1,-0.258,-10.15,-17.83,95,47.0
EURUSD,momentum,"{""hold"": 10, ""look"": 20}",-0.406,-23.94,-35.14,203,49.5,0.438,15.45,-15.05,95,48.0
EURUSD,momentum,"{""hold"": 20, ""look"": 20}",0.098,3.69,-26.6,203,49.4,-0.808,-26.26,-29.14,92,46.3
EURUSD,momentum,"{""hold"": 5, ""look"": 60}",-0.139,-10.33,-30.83,146,49.7,0.02,-0.67,-13.07,70,48.0
EURUSD,momentum,"{""hold"": 10, ""look"": 60}",-0.228,-15.07,-35.72,146,49.4,-0.043,-2.9,-17.43,68,48.1
EURUSD,momentum,"{""hold"": 20, ""look"": 60}",-0.306,-18.97,-35.36,146,49.4,-0.195,-8.06,-20.56,67,48.4
EURUSD,momentum,"{""hold"": 5, ""look"": 120}",-0.333,-20.04,-37.46,88,49.6,-0.034,-2.59,-18.4,40,48.3
EURUSD,momentum,"{""hold"": 10, ""look"": 120}",0.041,0.15,-20.99,88,50.6,-0.696,-23.25,-34.59,40,47.3
EURUSD,momentum,"{""hold"": 20, ""look"": 120}",0.152,7.03,-20.59,88,50.7,-0.485,-17.19,-28.09,40,48.6
GBPUSD,donchian,"{""n"": 10}",-1.281,-61.29,-62.57,63,46.4,0.166,5.04,-15.32,29,50.5
GBPUSD,donchian,"{""n"": 20}",-0.757,-43.73,-51.22,33,48.3,0.147,4.23,-12.09,19,50.4
GBPUSD,donchian,"{""n"": 40}",-0.298,-21.83,-36.81,12,50.2,-0.315,-13.36,-23.38,16,49.2
GBPUSD,donchian,"{""n"": 55}",-0.604,-37.21,-47.05,12,48.9,0.017,-1.02,-20.12,8,49.8
GBPUSD,donchian,"{""n"": 80}",-0.845,-46.92,-51.95,12,48.1,-0.469,-18.53,-34.03,8,48.6
GBPUSD,ma_cross,"{""fast"": 5, ""slow"": 20}",-0.584,-36.35,-45.79,126,47.7,-0.063,-4.15,-15.5,69,48.8
GBPUSD,ma_cross,"{""fast"": 10, ""slow"": 50}",-0.093,-9.43,-22.64,50,50.2,0.384,14.61,-11.48,27,51.4
GBPUSD,ma_cross,"{""fast"": 20, ""slow"": 100}",0.231,14.13,-15.33,16,51.9,-0.114,-6.08,-17.29,14,50.3
GBPUSD,ma_cross,"{""fast"": 50, ""slow"": 200}",-0.203,-15.91,-27.54,12,49.0,-0.003,-1.83,-23.38,7,50.0
GBPUSD,ma_cross,"{""fast"": 10, ""slow"": 100}",-0.122,-11.27,-23.1,28,51.0,0.161,4.81,-12.68,18,51.6
GBPUSD,ma_cross,"{""fast"": 20, ""slow"": 50}",-0.496,-32.2,-39.62,47,49.6,0.04,-0.13,-13.63,24,50.7
GBPUSD,rsi_mr,"{""filt"": true, ""hold"": 3, ""lo"": 10, ""n"": 2}",-0.115,-4.96,-16.06,104,42.9,-0.346,-8.25,-15.66,70,43.4
GBPUSD,rsi_mr,"{""filt"": true, ""hold"": 5, ""lo"": 10, ""n"": 2}",-0.464,-19.03,-26.78,71,44.6,-0.244,-6.87,-14.07,52,46.3
GBPUSD,rsi_mr,"{""filt"": false, ""hold"": 3, ""lo"": 10, ""n"": 2}",-0.176,-12.46,-26.28,241,43.9,-0.371,-12.94,-17.9,127,44.4
GBPUSD,rsi_mr,"{""filt"": false, ""hold"": 5, ""lo"": 10, ""n"": 2}",-0.042,-5.5,-24.39,179,46.7,-0.08,-4.3,-16.51,101,47.1
GBPUSD,rsi_mr,"{""filt"": true, ""hold"": 3, ""lo"": 20, ""n"": 2}",-0.119,-6.05,-22.72,116,43.8,-0.585,-14.68,-19.7,80,42.9
GBPUSD,rsi_mr,"{""filt"": true, ""hold"": 5, ""lo"": 20, ""n"": 2}",-0.336,-16.2,-30.23,74,46.2,-0.413,-12.03,-19.4,57,45.9
GBPUSD,rsi_mr,"{""filt"": false, ""hold"": 3, ""lo"": 20, ""n"": 2}",-0.424,-26.53,-34.77,299,44.3,-0.241,-9.99,-17.35,185,46.4
GBPUSD,rsi_mr,"{""filt"": false, ""hold"": 5, ""lo"": 20, ""n"": 2}",-0.319,-22.15,-32.49,248,46.6,-0.146,-7.01,-17.52,163,48.3
GBPUSD,rsi_mr,"{""filt"": true, ""hold"": 3, ""lo"": 30, ""n"": 2}",-0.172,-9.32,-22.45,132,43.5,-0.543,-14.94,-15.91,82,43.9
GBPUSD,rsi_mr,"{""filt"": true, ""hold"": 5, ""lo"": 30, ""n"": 2}",-0.382,-20.13,-29.37,88,45.7,-0.282,-9.51,-14.04,61,46.7
GBPUSD,rsi_mr,"{""filt"": false, ""hold"": 3, ""lo"": 30, ""n"": 2}",-0.554,-33.62,-45.3,359,45.3,-0.528,-19.48,-23.83,213,46.9
GBPUSD,rsi_mr,"{""filt"": false, ""hold"": 5, ""lo"": 30, ""n"": 2}",-0.475,-30.7,-42.94,322,47.2,-0.468,-18.17,-22.95,199,48.6
GBPUSD,rsi_mr,"{""filt"": true, ""hold"": 3, ""lo"": 10, ""n"": 5}",-0.118,-3.02,-6.63,45,40.6,-0.019,-0.35,-6.96,24,37.3
GBPUSD,rsi_mr,"{""filt"": true, ""hold"": 5, ""lo"": 10, ""n"": 5}",0.16,4.0,-6.48,44,45.7,-0.098,-1.59,-10.2,24,38.9
GBPUSD,rsi_mr,"{""filt"": false, ""hold"": 3, ""lo"": 10, ""n"": 5}",0.145,5.63,-16.79,123,43.4,0.419,9.75,-10.55,71,41.8
GBPUSD,rsi_mr,"{""filt"": false, ""hold"": 5, ""lo"": 10, ""n"": 5}",0.284,14.26,-14.74,117,47.3,0.499,13.38,-12.63,70,44.8
GBPUSD,rsi_mr,"{""filt"": true, ""hold"": 3, ""lo"": 20, ""n"": 5}",-0.534,-16.4,-21.18,76,41.9,-0.024,-0.7,-8.21,49,41.3
GBPUSD,rsi_mr,"{""filt"": true, ""hold"": 5, ""lo"": 20, ""n"": 5}",-0.425,-15.33,-20.32,71,44.3,-0.554,-11.49,-13.26,45,41.8
GBPUSD,rsi_mr,"{""filt"": false, ""hold"": 3, ""lo"": 20, ""n"": 5}",-0.145,-10.32,-24.91,192,45.0,-0.225,-7.72,-13.73,112,43.1
GBPUSD,rsi_mr,"{""filt"": false, ""hold"": 5, ""lo"": 20, ""n"": 5}",-0.053,-5.8,-20.0,168,48.0,-0.267,-10.0,-15.75,99,45.3
GBPUSD,rsi_mr,"{""filt"": true, ""hold"": 3, ""lo"": 30, ""n"": 5}",-0.368,-14.88,-21.24,99,43.8,-0.433,-9.94,-14.8,61,41.9
GBPUSD,rsi_mr,"{""filt"": true, ""hold"": 5, ""lo"": 30, ""n"": 5}",-0.468,-20.45,-26.28,87,45.5,-0.57,-14.78,-17.39,55,44.0
GBPUSD,rsi_mr,"{""filt"": false, ""hold"": 3, ""lo"": 30, ""n"": 5}",-0.248,-17.87,-26.07,235,47.2,-0.432,-15.98,-20.09,136,45.4
GBPUSD,rsi_mr,"{""filt"": false, ""hold"": 5, ""lo"": 30, ""n"": 5}",-0.115,-10.56,-20.88,209,49.8,-0.5,-18.8,-24.55,117,47.2
GBPUSD,rsi_mr,"{""filt"": true, ""hold"": 3, ""lo"": 20, ""n"": 14}",0.379,3.29,-2.44,7,42.6,0.0,-0.03,-1.9,6,46.3
GBPUSD,rsi_mr,"{""filt"": true, ""hold"": 5, ""lo"": 20, ""n"": 14}",0.243,2.29,-3.14,7,41.0,-0.196,-1.19,-2.67,6,43.4
GBPUSD,rsi_mr,"{""filt"": false, ""hold"": 3, ""lo"": 20, ""n"": 14}",0.256,6.06,-4.85,38,43.2,0.796,11.7,-3.07,26,46.9
GBPUSD,rsi_mr,"{""filt"": false, ""hold"": 5, ""lo"": 20, ""n"": 14}",0.508,15.0,-5.24,34,45.9,0.788,13.25,-3.47,25,48.4
GBPUSD,rsi_mr,"{""filt"": true, ""hold"": 3, ""lo"": 30, ""n"": 14}",-0.011,-0.46,-6.69,27,42.7,-0.123,-1.74,-4.88,22,45.3
GBPUSD,rsi_mr,"{""filt"": true, ""hold"": 5, ""lo"": 30, ""n"": 14}",0.052,0.85,-5.41,26,44.2,-0.223,-3.38,-6.11,20,45.8
GBPUSD,rsi_mr,"{""filt"": false, ""hold"": 3, ""lo"": 30, ""n"": 14}",0.189,7.51,-11.7,82,46.7,0.262,5.91,-5.9,54,46.7
GBPUSD,rsi_mr,"{""filt"": false, ""hold"": 5, ""lo"": 30, ""n"": 14}",0.273,12.58,-9.81,76,47.6,0.202,4.71,-7.17,50,47.7
GBPUSD,vol_break,"{""hold"": 3, ""k"": 0.5}",-0.643,-36.55,-39.54,408,43.7,-1.482,-43.19,-45.39,265,43.6
GBPUSD,vol_break,"{""hold"": 5, ""k"": 0.5}",-0.567,-34.73,-39.16,367,46.1,-1.291,-40.4,-42.75,243,45.8
GBPUSD,vol_break,"{""hold"": 10, ""k"": 0.5}",-0.605,-37.14,-41.82,348,47.4,-1.404,-43.64,-45.23,235,46.6
GBPUSD,vol_break,"{""hold"": 3, ""k"": 1.0}",-0.376,-14.28,-20.61,142,39.2,-0.263,-6.15,-12.18,82,40.0
GBPUSD,vol_break,"{""hold"": 5, ""k"": 1.0}",-0.55,-24.89,-26.9,134,41.8,-0.113,-3.54,-15.28,78,44.7
GBPUSD,vol_break,"{""hold"": 10, ""k"": 1.0}",-0.91,-42.9,-44.99,119,43.8,0.27,7.96,-10.12,64,48.5
GBPUSD,vol_break,"{""hold"": 3, ""k"": 1.5}",0.265,4.91,-5.12,27,40.9,-0.319,-3.91,-10.81,15,37.3
GBPUSD,vol_break,"{""hold"": 5, ""k"": 1.5}",-0.215,-7.08,-12.6,27,43.9,-0.185,-2.7,-10.27,15,43.8
GBPUSD,vol_break,"{""hold"": 10, ""k"": 1.5}",-0.304,-11.15,-15.57,27,44.2,0.033,0.25,-9.97,13,46.6
GBPUSD,momentum,"{""hold"": 5, ""look"": 10}",-0.682,-40.69,-55.49,298,47.3,-0.55,-21.15,-25.21,163,45.9
GBPUSD,momentum,"{""hold"": 10, ""look"": 10}",-0.294,-21.62,-36.04,296,49.1,-0.413,-16.7,-29.92,164,47.6
GBPUSD,momentum,"{""hold"": 20, ""look"": 10}",-0.555,-35.0,-49.38,295,49.2,-0.147,-7.32,-19.03,163,51.2
GBPUSD,momentum,"{""hold"": 5, ""look"": 20}",-0.434,-29.17,-33.53,180,48.8,-0.222,-10.05,-15.36,103,48.6
GBPUSD,momentum,"{""hold"": 10, ""look"": 20}",-0.333,-23.78,-28.08,179,49.5,0.044,0.05,-16.63,104,50.2
GBPUSD,momentum,"{""hold"": 20, ""look"": 20}",-0.298,-21.87,-36.35,179,50.4,-0.223,-10.11,-19.17,102,50.8
GBPUSD,momentum,"{""hold"": 5, ""look"": 60}",-0.138,-12.31,-30.42,90,51.0,-0.076,-4.66,-16.95,63,50.0
GBPUSD,momentum,"{""hold"": 10, ""look"": 60}",0.251,15.83,-17.93,90,50.9,-0.074,-4.58,-18.19,60,50.7
GBPUSD,momentum,"{""hold"": 20, ""look"": 60}",-0.311,-22.49,-36.83,90,50.6,-0.368,-15.2,-29.93,59,49.8
GBPUSD,momentum,"{""hold"": 5, ""look"": 120}",-0.214,-16.79,-37.7,48,49.2,-0.287,-12.38,-28.96,62,49.4
GBPUSD,momentum,"{""hold"": 10, ""look"": 120}",-0.222,-17.22,-25.13,48,48.7,-0.569,-21.75,-35.34,62,48.9
GBPUSD,momentum,"{""hold"": 20, ""look"": 120}",0.152,7.85,-25.52,48,50.7,-0.248,-11.0,-27.49,61,49.9
USDJPY,donchian,"{""n"": 10}",-0.074,-7.01,-30.03,44,48.9,0.316,13.21,-17.08,28,51.3
USDJPY,donchian,"{""n"": 20}",0.111,4.58,-17.54,26,49.6,0.295,12.13,-13.82,16,51.6
USDJPY,donchian,"{""n"": 40}",0.292,17.34,-21.56,14,49.2,-0.865,-34.81,-45.62,16,49.0
USDJPY,donchian,"{""n"": 55}",0.264,15.27,-18.58,12,49.4,-0.291,-14.77,-32.31,9,49.9
USDJPY,ma_cross,"{""fast"": 5, ""slow"": 20}",-0.458,-27.17,-37.75,129,47.6,0.905,49.0,-10.7,54,53.8
USDJPY,ma_cross,"{""fast"": 10, ""slow"": 50}",-0.057,-6.02,-20.71,53,48.2,-0.012,-2.88,-16.57,30,51.3
USDJPY,ma_cross,"{""fast"": 20, ""slow"": 100}",0.195,10.23,-20.6,26,48.8,0.089,1.82,-18.95,12,52.0
USDJPY,ma_cross,"{""fast"": 50, ""slow"": 200}",-0.046,-4.88,-23.06,8,49.9,-0.436,-20.35,-38.37,8,52.1
USDJPY,ma_cross,"{""fast"": 10, ""slow"": 100}",0.149,7.08,-23.86,30,48.6,0.48,22.23,-11.84,16,53.0
USDJPY,ma_cross,"{""fast"": 20, ""slow"": 50}",0.125,5.55,-24.35,48,48.7,-0.209,-11.42,-20.2,29,50.6
USDJPY,rsi_mr,"{""filt"": true, ""hold"": 3, ""lo"": 10, ""n"": 2}",-0.531,-16.71,-18.5,78,42.8,-0.111,-3.95,-19.09,72,47.5
USDJPY,rsi_mr,"{""filt"": true, ""hold"": 5, ""lo"": 10, ""n"": 2}",-0.586,-19.92,-24.12,60,44.3,-0.007,-1.26,-22.62,59,50.3
USDJPY,rsi_mr,"{""filt"": false, ""hold"": 3, ""lo"": 10, ""n"": 2}",-0.409,-20.86,-30.12,219,46.0,0.42,16.49,-15.73,150,48.0
USDJPY,rsi_mr,"{""filt"": false, ""hold"": 5, ""lo"": 10, ""n"": 2}",-0.382,-21.43,-33.11,167,48.5,0.567,25.02,-17.74,122,50.7
USDJPY,rsi_mr,"{""filt"": true, ""hold"": 3, ""lo"": 20, ""n"": 2}",-0.245,-9.71,-19.15,112,42.2,-0.117,-4.74,-18.65,88,47.2
USDJPY,rsi_mr,"{""filt"": true, ""hold"": 5, ""lo"": 20, ""n"": 2}",-0.371,-15.52,-27.59,84,44.6,-0.162,-6.73,-23.41,69,49.4
USDJPY,rsi_mr,"{""filt"": false, ""hold"": 3, ""lo"": 20, ""n"": 2}",-0.418,-22.52,-30.13,292,47.2,0.194,6.61,-14.12,201,48.6
USDJPY,rsi_mr,"{""filt"": false, ""hold"": 5, ""lo"": 20, ""n"": 2}",-0.445,-25.43,-33.81,241,49.1,0.324,13.21,-15.83,178,50.5
USDJPY,rsi_mr,"{""filt"": true, ""hold"": 3, ""lo"": 30, ""n"": 2}",-0.75,-28.62,-37.05,140,41.3,-0.091,-4.45,-21.77,96,47.7
USDJPY,rsi_mr,"{""filt"": true, ""hold"": 5, ""lo"": 30, ""n"": 2}",-0.692,-29.18,-39.75,104,43.8,-0.095,-5.09,-25.33,64,50.6
USDJPY,rsi_mr,"{""filt"": false, ""hold"": 3, ""lo"": 30, ""n"": 2}",-1.128,-50.86,-55.09,384,46.2,0.276,10.71,-14.46,247,49.4
USDJPY,rsi_mr,"{""filt"": false, ""hold"": 5, ""lo"": 30, ""n"": 2}",-1.043,-49.38,-54.59,356,47.6,0.317,13.04,-13.95,227,51.4
USDJPY,rsi_mr,"{""filt"": true, ""hold"": 3, ""lo"": 10, ""n"": 5}",0.02,0.12,-8.77,40,41.2,-0.179,-2.87,-10.23,22,42.3
USDJPY,rsi_mr,"{""filt"": true, ""hold"": 5, ""lo"": 10, ""n"": 5}",0.191,4.56,-8.84,37,45.1,-0.561,-10.48,-17.63,21,42.2
USDJPY,rsi_mr,"{""filt"": false, ""hold"": 3, ""lo"": 10, ""n"": 5}",-0.116,-5.21,-15.06,109,43.0,-0.082,-3.0,-14.07,65,42.2
USDJPY,rsi_mr,"{""filt"": false, ""hold"": 5, ""lo"": 10, ""n"": 5}",-0.125,-6.46,-20.24,102,44.9,-0.491,-15.19,-24.31,59,43.0
USDJPY,rsi_mr,"{""filt"": true, ""hold"": 3, ""lo"": 20, ""n"": 5}",0.023,0.11,-12.4,75,42.8,-0.687,-16.98,-24.33,46,41.8
USDJPY,rsi_mr,"{""filt"": true, ""hold"": 5, ""lo"": 20, ""n"": 5}",0.023,0.04,-14.35,69,44.9,-0.873,-22.53,-29.23,44,42.6
USDJPY,rsi_mr,"{""filt"": false, ""hold"": 3, ""lo"": 20, ""n"": 5}",-0.385,-19.62,-30.17,198,44.4,-0.963,-31.56,-38.81,111,41.8
USDJPY,rsi_mr,"{""filt"": false, ""hold"": 5, ""lo"": 20, ""n"": 5}",-0.184,-11.81,-25.49,178,47.5,-1.048,-35.66,-43.83,96,44.0
USDJPY,rsi_mr,"{""filt"": true, ""hold"": 3, ""lo"": 30, ""n"": 5}",0.057,1.25,-14.65,106,43.3,-0.433,-13.54,-30.47,65,44.3
USDJPY,rsi_mr,"{""filt"": true, ""hold"": 5, ""lo"": 30, ""n"": 5}",0.061,1.45,-16.11,91,45.7,-0.713,-22.82,-34.43,60,45.5
USDJPY,rsi_mr,"{""filt"": false, ""hold"": 3, ""lo"": 30, ""n"": 5}",-0.146,-10.32,-19.45,246,48.4,-0.651,-26.14,-39.64,134,45.1
USDJPY,rsi_mr,"{""filt"": false, ""hold"": 5, ""lo"": 30, ""n"": 5}",-0.199,-13.79,-21.55,210,49.9,-0.562,-24.36,-38.81,118,46.7
USDJPY,rsi_mr,"{""filt"": false, ""hold"": 3, ""lo"": 20, ""n"": 14}",-0.23,-5.38,-12.96,23,44.2,-0.294,-5.77,-10.67,21,41.0
USDJPY,rsi_mr,"{""filt"": false, ""hold"": 5, ""lo"": 20, ""n"": 14}",-0.399,-10.08,-16.73,23,44.1,-0.095,-2.47,-11.32,21,42.4
USDJPY,rsi_mr,"{""filt"": true, ""hold"": 3, ""lo"": 30, ""n"": 14}",0.218,3.59,-7.23,27,44.2,-0.5,-8.95,-16.47,14,42.3
USDJPY,rsi_mr,"{""filt"": true, ""hold"": 5, ""lo"": 30, ""n"": 14}",-0.054,-1.25,-8.93,25,43.2,-0.335,-6.79,-14.54,13,45.1
USDJPY,rsi_mr,"{""filt"": false, ""hold"": 3, ""lo"": 30, ""n"": 14}",-0.08,-4.41,-17.07,86,45.9,-0.484,-14.78,-21.57,52,42.6
USDJPY,rsi_mr,"{""filt"": false, ""hold"": 5, ""lo"": 30, ""n"": 14}",-0.121,-6.63,-20.19,77,46.4,-0.59,-19.22,-23.42,47,43.3
USDJPY,vol_break,"{""hold"": 3, ""k"": 0.5}",-0.392,-22.54,-29.8,432,44.7,-0.976,-36.02,-43.23,249,44.1
USDJPY,vol_break,"{""hold"": 5, ""k"": 0.5}",-0.501,-28.52,-36.83,407,45.2,-1.086,-40.46,-46.98,235,45.6
USDJPY,vol_break,"{""hold"": 10, ""k"": 0.5}",-0.543,-30.98,-38.78,391,45.9,-1.05,-40.07,-46.41,225,46.8
USDJPY,vol_break,"{""hold"": 3, ""k"": 1.0}",-0.396,-14.23,-19.37,157,39.7,-0.725,-18.5,-22.46,82,39.1
USDJPY,vol_break,"{""hold"": 5, ""k"": 1.0}",-0.583,-23.54,-26.69,148,41.7,-0.768,-21.82,-25.21,80,41.7
USDJPY,vol_break,"{""hold"": 10, ""k"": 1.0}",-0.357,-18.85,-25.32,131,45.8,0.044,0.11,-13.97,69,47.9
USDJPY,vol_break,"{""hold"": 3, ""k"": 1.5}",-0.652,-11.22,-16.05,37,32.2,0.103,1.24,-5.56,22,40.4
USDJPY,vol_break,"{""hold"": 5, ""k"": 1.5}",-0.631,-13.03,-18.64,37,36.0,0.032,0.23,-6.4,22,43.0
USDJPY,vol_break,"{""hold"": 10, ""k"": 1.5}",-0.374,-11.44,-19.16,36,43.0,0.549,11.5,-5.24,21,50.2
USDJPY,vol_break,"{""hold"": 3, ""k"": 2.0}",-0.013,-0.17,-2.48,7,40.0,-0.158,-1.31,-4.43,5,32.0
USDJPY,vol_break,"{""hold"": 5, ""k"": 2.0}",-0.029,-0.38,-3.55,7,40.8,-0.313,-2.79,-3.81,5,34.3
USDJPY,vol_break,"{""hold"": 10, ""k"": 2.0}",-0.139,-1.98,-6.0,7,39.3,-0.091,-1.01,-3.71,5,43.3
USDJPY,momentum,"{""hold"": 5, ""look"": 10}",-0.531,-30.5,-37.56,299,48.2,0.61,29.91,-14.13,152,51.8
USDJPY,momentum,"{""hold"": 10, ""look"": 10}",-0.453,-26.98,-31.03,299,49.0,-0.55,-24.5,-28.32,152,49.4
USDJPY,momentum,"{""hold"": 20, ""look"": 10}",-0.67,-36.33,-39.36,298,46.3,-0.047,-4.48,-18.71,153,51.0
USDJPY,momentum,"{""hold"": 5, ""look"": 20}",-0.657,-35.85,-39.09,216,46.9,-0.309,-15.47,-18.39,104,50.0
USDJPY,momentum,"{""hold"": 10, ""look"": 20}",-0.297,-19.32,-29.57,216,48.5,-0.384,-18.39,-23.25,105,49.3
USDJPY,momentum,"{""hold"": 20, ""look"": 20}",0.006,-2.16,-19.69,214,48.9,-0.165,-9.58,-30.69,107,51.1
USDJPY,momentum,"{""hold"": 5, ""look"": 60}",0.087,3.01,-21.9,106,48.8,0.303,12.54,-16.39,64,51.6
USDJPY,momentum,"{""hold"": 10, ""look"": 60}",-0.049,-5.53,-24.17,106,48.4,0.472,21.77,-11.03,62,52.4
USDJPY,momentum,"{""hold"": 20, ""look"": 60}",0.127,5.66,-24.81,106,49.7,-0.202,-11.15,-27.95,55,50.9
USDJPY,momentum,"{""hold"": 5, ""look"": 120}",-0.274,-17.57,-28.03,42,48.7,-0.139,-8.49,-28.53,46,52.4
USDJPY,momentum,"{""hold"": 10, ""look"": 120}",-0.137,-10.26,-21.63,42,49.5,-0.281,-14.35,-33.17,46,51.8
USDJPY,momentum,"{""hold"": 20, ""look"": 120}",-0.337,-20.47,-34.73,42,49.1,-0.536,-23.99,-40.75,44,51.2
AUDUSD,donchian,"{""n"": 10}",0.099,3.95,-29.48,42,50.9,-0.755,-32.73,-37.96,38,48.1
AUDUSD,donchian,"{""n"": 20}",0.032,-1.2,-31.16,26,50.7,-1.191,-45.67,-47.3,26,46.1
AUDUSD,donchian,"{""n"": 40}",-0.499,-33.85,-53.49,20,48.5,-1.107,-43.41,-46.46,16,47.1
AUDUSD,donchian,"{""n"": 55}",-0.722,-44.09,-58.45,18,48.0,-0.746,-32.46,-40.17,12,47.4
AUDUSD,donchian,"{""n"": 80}",-0.293,-22.62,-40.77,10,50.3,-1.056,-41.98,-49.1,9,47.2
AUDUSD,ma_cross,"{""fast"": 5, ""slow"": 20}",-0.133,-12.85,-40.81,108,49.2,-0.391,-19.6,-36.64,73,48.1
AUDUSD,ma_cross,"{""fast"": 10, ""slow"": 50}",-0.206,-17.53,-39.75,50,48.9,-0.923,-38.05,-40.16,38,47.3
AUDUSD,ma_cross,"{""fast"": 20, ""slow"": 100}",-0.348,-25.66,-41.25,30,49.7,-0.682,-30.3,-35.36,18,48.1
AUDUSD,ma_cross,"{""fast"": 50, ""slow"": 200}",-0.277,-20.97,-32.87,8,50.4,-0.564,-26.13,-34.4,7,48.7
AUDUSD,ma_cross,"{""fast"": 10, ""slow"": 100}",-0.287,-22.16,-32.98,36,49.7,-0.575,-26.54,-35.29,28,47.3
AUDUSD,ma_cross,"{""fast"": 20, ""slow"": 50}",-0.184,-16.15,-34.84,45,49.4,-0.852,-35.88,-37.98,32,48.0
AUDUSD,rsi_mr,"{""filt"": true, ""hold"": 3, ""lo"": 10, ""n"": 2}",-0.12,-4.92,-13.78,81,44.2,-0.208,-6.12,-16.62,69,42.7
AUDUSD,rsi_mr,"{""filt"": true, ""hold"": 5, ""lo"": 10, ""n"": 2}",-0.04,-2.61,-15.33,67,46.6,-0.141,-5.13,-16.46,51,45.6
AUDUSD,rsi_mr,"{""filt"": false, ""hold"": 3, ""lo"": 10, ""n"": 2}",-0.113,-8.99,-27.34,226,46.4,0.134,3.75,-14.48,149,45.9
AUDUSD,rsi_mr,"{""filt"": false, ""hold"": 5, ""lo"": 10, ""n"": 2}",0.145,7.18,-23.97,190,49.0,0.187,6.38,-15.46,120,47.9
AUDUSD,rsi_mr,"{""filt"": true, ""hold"": 3, ""lo"": 20, ""n"": 2}",-0.168,-8.48,-24.65,111,44.5,-0.503,-14.34,-22.32,79,41.6
AUDUSD,rsi_mr,"{""filt"": true, ""hold"": 5, ""lo"": 20, ""n"": 2}",-0.044,-3.93,-26.88,86,46.9,-0.35,-11.93,-20.98,60,44.3
AUDUSD,rsi_mr,"{""filt"": false, ""hold"": 3, ""lo"": 20, ""n"": 2}",-0.179,-14.02,-32.89,298,47.0,-0.326,-14.95,-21.71,181,45.7
AUDUSD,rsi_mr,"{""filt"": false, ""hold"": 5, ""lo"": 20, ""n"": 2}",0.156,8.3,-19.86,265,49.8,-0.225,-12.0,-21.08,159,47.4
AUDUSD,rsi_mr,"{""filt"": true, ""hold"": 3, ""lo"": 30, ""n"": 2}",-0.287,-14.83,-25.54,130,44.0,-0.242,-9.72,-19.23,87,43.3
AUDUSD,rsi_mr,"{""filt"": true, ""hold"": 5, ""lo"": 30, ""n"": 2}",-0.172,-11.18,-29.04,102,46.4,-0.294,-12.77,-21.66,64,45.3
AUDUSD,rsi_mr,"{""filt"": false, ""hold"": 3, ""lo"": 30, ""n"": 2}",-0.399,-27.56,-38.16,376,46.7,0.295,12.02,-15.67,235,48.6
AUDUSD,rsi_mr,"{""filt"": false, ""hold"": 5, ""lo"": 30, ""n"": 2}",-0.284,-21.9,-31.97,350,48.6,0.11,2.83,-15.5,216,49.5
AUDUSD,rsi_mr,"{""filt"": true, ""hold"": 3, ""lo"": 10, ""n"": 5}",0.387,9.15,-4.84,37,45.5,-0.297,-3.38,-8.99,19,38.2
AUDUSD,rsi_mr,"{""filt"": true, ""hold"": 5, ""lo"": 10, ""n"": 5}",0.359,9.81,-4.2,35,47.3,-0.405,-5.85,-13.14,19,39.8
AUDUSD,rsi_mr,"{""filt"": false, ""hold"": 3, ""lo"": 10, ""n"": 5}",-0.163,-8.62,-20.6,122,42.8,0.365,8.33,-6.28,61,43.4
AUDUSD,rsi_mr,"{""filt"": false, ""hold"": 5, ""lo"": 10, ""n"": 5}",-0.016,-2.58,-18.73,112,46.5,0.486,14.18,-6.53,60,45.5
AUDUSD,rsi_mr,"{""filt"": true, ""hold"": 3, ""lo"": 20, ""n"": 5}",0.242,7.83,-9.88,68,45.0,-0.522,-10.02,-19.02,44,41.5
AUDUSD,rsi_mr,"{""filt"": true, ""hold"": 5, ""lo"": 20, ""n"": 5}",0.376,14.93,-9.93,64,47.5,-0.315,-7.84,-18.6,43,43.1
AUDUSD,rsi_mr,"{""filt"": false, ""hold"": 3, ""lo"": 20, ""n"": 5}",-0.267,-16.74,-24.07,185,44.6,0.435,14.99,-11.2,113,45.4
AUDUSD,rsi_mr,"{""filt"": false, ""hold"": 5, ""lo"": 20, ""n"": 5}",0.094,3.46,-14.86,160,48.5,0.432,17.09,-12.11,106,47.2
AUDUSD,rsi_mr,"{""filt"": true, ""hold"": 3, ""lo"": 30, ""n"": 5}",-0.042,-3.0,-10.26,84,45.1,-0.467,-12.2,-22.88,61,41.4
AUDUSD,rsi_mr,"{""filt"": true, ""hold"": 5, ""lo"": 30, ""n"": 5}",-0.04,-3.44,-13.09,73,46.3,-0.44,-13.54,-26.84,52,43.8
AUDUSD,rsi_mr,"{""filt"": false, ""hold"": 3, ""lo"": 30, ""n"": 5}",-0.515,-31.94,-34.98,212,46.1,0.228,8.04,-13.76,140,46.8
AUDUSD,rsi_mr,"{""filt"": false, ""hold"": 5, ""lo"": 30, ""n"": 5}",-0.374,-26.32,-31.17,184,48.1,0.328,13.55,-16.4,124,49.1
AUDUSD,rsi_mr,"{""filt"": false, ""hold"": 3, ""lo"": 20, ""n"": 14}",0.018,-0.02,-6.78,30,42.6,0.403,5.8,-2.85,20,48.9
AUDUSD,rsi_mr,"{""filt"": false, ""hold"": 5, ""lo"": 20, ""n"": 14}",0.184,5.34,-7.56,28,46.6,0.53,9.51,-4.38,19,51.4
AUDUSD,rsi_mr,"{""filt"": true, ""hold"": 3, ""lo"": 30, ""n"": 14}",0.482,11.96,-6.87,31,46.3,-0.165,-2.5,-5.77,16,40.9
AUDUSD,rsi_mr,"{""filt"": true, ""hold"": 5, ""lo"": 30, ""n"": 14}",0.475,13.25,-7.57,27,45.7,0.21,3.41,-5.42,15,43.0
AUDUSD,rsi_mr,"{""filt"": false, ""hold"": 3, ""lo"": 30, ""n"": 14}",0.109,3.83,-12.89,81,45.8,0.284,7.43,-10.89,45,47.3
AUDUSD,rsi_mr,"{""filt"": false, ""hold"": 5, ""lo"": 30, ""n"": 14}",0.051,0.92,-15.7,73,45.9,0.572,18.8,-10.33,41,49.2
AUDUSD,vol_break,"{""hold"": 3, ""k"": 0.5}",-0.721,-42.02,-49.43,436,43.8,-1.112,-40.69,-44.79,256,44.5
AUDUSD,vol_break,"{""hold"": 5, ""k"": 0.5}",-0.76,-45.2,-53.77,401,45.7,-1.006,-39.4,-44.14,236,46.7
AUDUSD,vol_break,"{""hold"": 10, ""k"": 0.5}",-0.755,-45.64,-55.58,383,46.5,-0.986,-39.91,-45.66,221,48.1
AUDUSD,vol_break,"{""hold"": 3, ""k"": 1.0}",-0.02,-1.77,-11.98,130,40.3,-0.829,-20.15,-24.96,84,39.7
AUDUSD,vol_break,"{""hold"": 5, ""k"": 1.0}",-0.049,-3.58,-13.29,123,43.4,-1.016,-26.89,-31.58,84,42.2
AUDUSD,vol_break,"{""hold"": 10, ""k"": 1.0}",-0.118,-8.75,-19.21,109,45.7,-0.719,-24.71,-28.96,72,44.9
AUDUSD,vol_break,"{""hold"": 3, ""k"": 1.5}",0.401,7.56,-3.95,18,45.6,-0.887,-8.57,-9.42,8,30.0
AUDUSD,vol_break,"{""hold"": 5, ""k"": 1.5}",0.135,2.58,-5.95,18,45.8,-0.898,-9.52,-10.98,8,35.7
AUDUSD,vol_break,"{""hold"": 10, ""k"": 1.5}",-0.376,-10.43,-11.22,18,43.1,-0.801,-10.0,-12.16,8,39.6
AUDUSD,momentum,"{""hold"": 5, ""look"": 10}",-0.662,-41.76,-55.76,272,47.5,0.005,-2.3,-22.79,189,48.2
AUDUSD,momentum,"{""hold"": 10, ""look"": 10}",-0.323,-24.62,-38.25,272,50.1,-0.462,-22.38,-30.18,189,47.7
AUDUSD,momentum,"{""hold"": 20, ""look"": 10}",-0.48,-33.03,-46.64,269,48.3,-0.157,-9.77,-22.59,192,48.7
AUDUSD,momentum,"{""hold"": 5, ""look"": 20}",-0.262,-21.0,-31.53,212,49.4,-0.54,-25.28,-33.45,125,47.7
AUDUSD,momentum,"{""hold"": 10, ""look"": 20}",-0.245,-19.98,-33.2,211,48.2,-0.343,-17.65,-31.7,126,49.2
AUDUSD,momentum,"{""hold"": 20, ""look"": 20}",-0.159,-14.56,-31.83,211,48.8,-0.668,-29.83,-32.3,126,47.4
AUDUSD,momentum,"{""hold"": 5, ""look"": 60}",-0.303,-23.37,-37.39,126,49.3,-0.418,-20.67,-31.5,83,48.7
AUDUSD,momentum,"{""hold"": 10, ""look"": 60}",-0.602,-38.84,-43.38,125,49.0,-0.548,-25.58,-37.48,85,48.4
AUDUSD,momentum,"{""hold"": 20, ""look"": 60}",-0.465,-32.05,-40.61,125,49.9,0.286,12.13,-17.08,83,49.9
AUDUSD,momentum,"{""hold"": 5, ""look"": 120}",0.032,-1.13,-32.02,90,50.2,-0.219,-12.5,-27.05,67,48.4
AUDUSD,momentum,"{""hold"": 10, ""look"": 120}",0.07,1.69,-22.3,90,50.5,-0.568,-26.26,-35.54,67,48.7
AUDUSD,momentum,"{""hold"": 20, ""look"": 120}",-0.171,-14.86,-33.31,90,50.2,-0.229,-12.94,-23.46,67,49.8
