pair,family,params,train_sharpe,train_ret,train_dd,train_trades,train_wr,oos_sharpe,oos_ret,oos_dd,oos_trades,oos_wr,K_configs_tried,control_oos_p95,control_oos_best,control_oos_median,beats_noise,train_oos_decay,verdict,rank_by_oos,usdjpy_buyhold_oos_sharpe,beats_buyhold,train_oos_corr_all_K,expected_above_p95_by_chance,observed_above_p95,notes
USDJPY,ma_cross,"{""fast"": 5, ""slow"": 20}",-0.436,-26.14,-37.06,131,48.1,0.994,55.37,-13.03,54,54.3,258,0.514,0.905,-0.225,True,-1.43,INTERESTING,1,0.772,True,0.269,12.9,21,K=258 tried; control best-of-K OOS Sharpe 0.905; train->OOS corr +0.269 (weak persistence)
USDJPY,donchian,"{""n"": 10}",-0.061,-6.25,-32.13,48,49.2,0.784,40.94,-9.47,22,53.5,258,0.514,0.905,-0.225,True,-0.845,INTERESTING,2,0.772,True,0.269,12.9,21,K=258 tried; control best-of-K OOS Sharpe 0.905; train->OOS corr +0.269 (weak persistence)
USDJPY,rsi_mr,"{""filt"": false, ""hold"": 5, ""lo"": 10, ""n"": 2}",-0.091,-6.77,-26.43,181,49.4,0.766,35.89,-12.03,119,51.2,258,0.514,0.905,-0.225,True,-0.857,INTERESTING,3,0.772,False,0.269,12.9,21,K=258 tried; control best-of-K OOS Sharpe 0.905; train->OOS corr +0.269 (weak persistence)
GBPUSD,rsi_mr,"{""filt"": false, ""hold"": 5, ""lo"": 20, ""n"": 14}",0.846,28.32,-4.96,37,47.9,0.76,12.4,-3.3,22,48.3,258,0.514,0.905,-0.225,True,0.086,INTERESTING,4,0.772,n/a,0.269,12.9,21,K=258 tried; control best-of-K OOS Sharpe 0.905; train->OOS corr +0.269 (weak persistence)
GBPUSD,rsi_mr,"{""filt"": false, ""hold"": 3, ""lo"": 20, ""n"": 14}",0.713,21.59,-4.84,39,45.8,0.678,9.73,-3.48,24,45.8,258,0.514,0.905,-0.225,True,0.035,INTERESTING,5,0.772,n/a,0.269,12.9,21,K=258 tried; control best-of-K OOS Sharpe 0.905; train->OOS corr +0.269 (weak persistence)
USDJPY,momentum,"{""hold"": 10, ""look"": 60}",-0.024,-3.98,-29.85,106,49.1,0.675,33.9,-10.62,48,53.6,258,0.514,0.905,-0.225,True,-0.699,INTERESTING,6,0.772,False,0.269,12.9,21,K=258 tried; control best-of-K OOS Sharpe 0.905; train->OOS corr +0.269 (weak persistence)
EURUSD,rsi_mr,"{""filt"": true, ""hold"": 5, ""lo"": 30, ""n"": 14}",0.224,3.98,-3.04,15,45.9,0.654,8.74,-6.86,21,47.6,258,0.514,0.905,-0.225,True,-0.43,INTERESTING,7,0.772,n/a,0.269,12.9,21,K=258 tried; control best-of-K OOS Sharpe 0.905; train->OOS corr +0.269 (weak persistence)
USDJPY,momentum,"{""hold"": 5, ""look"": 10}",-0.465,-27.51,-35.35,296,48.3,0.601,29.37,-12.63,147,53.0,258,0.514,0.905,-0.225,True,-1.066,INTERESTING,8,0.772,False,0.269,12.9,21,K=258 tried; control best-of-K OOS Sharpe 0.905; train->OOS corr +0.269 (weak persistence)
USDJPY,rsi_mr,"{""filt"": false, ""hold"": 3, ""lo"": 10, ""n"": 2}",-0.074,-5.33,-21.91,229,47.3,0.594,24.79,-12.18,147,48.5,258,0.514,0.905,-0.225,True,-0.668,INTERESTING,9,0.772,False,0.269,12.9,21,K=258 tried; control best-of-K OOS Sharpe 0.905; train->OOS corr +0.269 (weak persistence)
GBPUSD,rsi_mr,"{""filt"": false, ""hold"": 5, ""lo"": 10, ""n"": 5}",0.297,15.03,-14.5,118,47.5,0.585,15.99,-11.72,71,44.9,258,0.514,0.905,-0.225,True,-0.288,INTERESTING,10,0.772,n/a,0.269,12.9,21,K=258 tried; control best-of-K OOS Sharpe 0.905; train->OOS corr +0.269 (weak persistence)
EURUSD,momentum,"{""hold"": 10, ""look"": 20}",-0.335,-20.55,-32.53,200,49.5,0.575,21.24,-13.45,93,48.2,258,0.514,0.905,-0.225,True,-0.91,INTERESTING,11,0.772,n/a,0.269,12.9,21,K=258 tried; control best-of-K OOS Sharpe 0.905; train->OOS corr +0.269 (weak persistence)
USDJPY,vol_break,"{""hold"": 10, ""k"": 1.5}",-0.361,-11.11,-19.14,36,43.7,0.574,12.09,-5.44,21,51.0,258,0.514,0.905,-0.225,True,-0.935,INTERESTING,12,0.772,False,0.269,12.9,21,K=258 tried; control best-of-K OOS Sharpe 0.905; train->OOS corr +0.269 (weak persistence)
AUDUSD,rsi_mr,"{""filt"": false, ""hold"": 3, ""lo"": 10, ""n"": 14}",0.32,4.35,-1.91,5,41.7,0.572,3.35,-1.11,5,58.6,258,0.514,0.905,-0.225,True,-0.252,INTERESTING,13,0.772,n/a,0.269,12.9,21,K=258 tried; control best-of-K OOS Sharpe 0.905; train->OOS corr +0.269 (weak persistence)
USDJPY,rsi_mr,"{""filt"": false, ""hold"": 3, ""lo"": 30, ""n"": 2}",-0.72,-36.86,-40.36,387,47.0,0.569,25.98,-14.89,248,49.3,258,0.514,0.905,-0.225,True,-1.289,INTERESTING,14,0.772,False,0.269,12.9,21,K=258 tried; control best-of-K OOS Sharpe 0.905; train->OOS corr +0.269 (weak persistence)
USDJPY,rsi_mr,"{""filt"": false, ""hold"": 5, ""lo"": 30, ""n"": 2}",-0.696,-36.94,-40.58,357,48.7,0.543,25.4,-14.27,228,51.4,258,0.514,0.905,-0.225,True,-1.239,INTERESTING,15,0.772,False,0.269,12.9,21,K=258 tried; control best-of-K OOS Sharpe 0.905; train->OOS corr +0.269 (weak persistence)
USDJPY,donchian,"{""n"": 20}",0.178,9.15,-24.04,24,49.8,0.543,25.93,-17.64,12,53.5,258,0.514,0.905,-0.225,True,-0.365,INTERESTING,15,0.772,False,0.269,12.9,21,K=258 tried; control best-of-K OOS Sharpe 0.905; train->OOS corr +0.269 (weak persistence)
AUDUSD,rsi_mr,"{""filt"": false, ""hold"": 5, ""lo"": 30, ""n"": 5}",-0.412,-28.44,-32.81,184,48.2,0.54,25.25,-16.63,127,50.0,258,0.514,0.905,-0.225,True,-0.952,INTERESTING,17,0.772,n/a,0.269,12.9,21,K=258 tried; control best-of-K OOS Sharpe 0.905; train->OOS corr +0.269 (weak persistence)
EURUSD,rsi_mr,"{""filt"": false, ""hold"": 5, ""lo"": 30, ""n"": 14}",-0.027,-2.38,-17.23,65,45.1,0.534,12.91,-7.41,52,50.2,258,0.514,0.905,-0.225,True,-0.561,INTERESTING,18,0.772,n/a,0.269,12.9,21,K=258 tried; control best-of-K OOS Sharpe 0.905; train->OOS corr +0.269 (weak persistence)
AUDUSD,rsi_mr,"{""filt"": false, ""hold"": 5, ""lo"": 10, ""n"": 14}",0.349,5.18,-3.05,5,43.5,0.532,4.21,-1.72,5,59.0,258,0.514,0.905,-0.225,True,-0.183,INTERESTING,19,0.772,n/a,0.269,12.9,21,K=258 tried; control best-of-K OOS Sharpe 0.905; train->OOS corr +0.269 (weak persistence)
USDJPY,ma_cross,"{""fast"": 10, ""slow"": 100}",-0.036,-4.67,-31.59,32,48.5,0.522,24.67,-12.36,14,53.0,258,0.514,0.905,-0.225,True,-0.558,INTERESTING,20,0.772,False,0.269,12.9,21,K=258 tried; control best-of-K OOS Sharpe 0.905; train->OOS corr +0.269 (weak persistence)
EURUSD,rsi_mr,"{""filt"": false, ""hold"": 3, ""lo"": 20, ""n"": 14}",-0.212,-5.55,-11.57,29,46.0,0.518,4.53,-2.37,18,46.0,258,0.514,0.905,-0.225,True,-0.73,INTERESTING,21,0.772,n/a,0.269,12.9,21,K=258 tried; control best-of-K OOS Sharpe 0.905; train->OOS corr +0.269 (weak persistence)
USDJPY,rsi_mr,"{""filt"": false, ""hold"": 5, ""lo"": 20, ""n"": 2}",-0.206,-13.74,-27.45,257,49.2,0.501,22.62,-12.04,167,51.0,258,0.514,0.905,-0.225,False,-0.707,NOISE,22,0.772,False,0.269,12.9,21,K=258 tried; control best-of-K OOS Sharpe 0.905; train->OOS corr +0.269 (weak persistence)
GBPUSD,rsi_mr,"{""filt"": true, ""hold"": 3, ""lo"": 20, ""n"": 14}",0.255,2.0,-2.24,8,41.2,0.469,2.45,-1.37,5,53.7,258,0.514,0.905,-0.225,False,-0.214,NOISE,23,0.772,n/a,0.269,12.9,21,K=258 tried; control best-of-K OOS Sharpe 0.905; train->OOS corr +0.269 (weak persistence)
GBPUSD,rsi_mr,"{""filt"": false, ""hold"": 3, ""lo"": 10, ""n"": 5}",0.203,8.61,-14.01,123,43.6,0.464,10.81,-9.59,71,41.6,258,0.514,0.905,-0.225,False,-0.261,NOISE,24,0.772,n/a,0.269,12.9,21,K=258 tried; control best-of-K OOS Sharpe 0.905; train->OOS corr +0.269 (weak persistence)
AUDUSD,rsi_mr,"{""filt"": false, ""hold"": 3, ""lo"": 20, ""n"": 14}",-0.042,-1.82,-7.54,31,42.6,0.463,6.45,-2.87,19,49.6,258,0.514,0.905,-0.225,False,-0.505,NOISE,25,0.772,n/a,0.269,12.9,21,K=258 tried; control best-of-K OOS Sharpe 0.905; train->OOS corr +0.269 (weak persistence)
USDJPY,rsi_mr,"{""filt"": true, ""hold"": 5, ""lo"": 10, ""n"": 2}",-0.434,-16.7,-26.74,78,44.3,0.445,14.51,-14.83,54,52.7,258,0.514,0.905,-0.225,False,-0.879,NOISE,26,0.772,False,0.269,12.9,21,K=258 tried; control best-of-K OOS Sharpe 0.905; train->OOS corr +0.269 (weak persistence)
EURUSD,rsi_mr,"{""filt"": false, ""hold"": 5, ""lo"": 10, ""n"": 5}",0.284,11.13,-14.27,107,46.8,0.436,10.78,-7.36,77,47.1,258,0.514,0.905,-0.225,False,-0.152,NOISE,27,0.772,n/a,0.269,12.9,21,K=258 tried; control best-of-K OOS Sharpe 0.905; train->OOS corr +0.269 (weak persistence)
USDJPY,rsi_mr,"{""filt"": false, ""hold"": 3, ""lo"": 20, ""n"": 2}",-0.181,-11.64,-22.5,302,47.3,0.436,18.39,-10.54,194,49.1,258,0.514,0.905,-0.225,False,-0.617,NOISE,27,0.772,False,0.269,12.9,21,K=258 tried; control best-of-K OOS Sharpe 0.905; train->OOS corr +0.269 (weak persistence)
AUDUSD,rsi_mr,"{""filt"": false, ""hold"": 5, ""lo"": 20, ""n"": 5}",0.09,3.21,-14.12,164,48.5,0.427,17.07,-11.66,103,47.7,258,0.514,0.905,-0.225,False,-0.337,NOISE,29,0.772,n/a,0.269,12.9,21,K=258 tried; control best-of-K OOS Sharpe 0.905; train->OOS corr +0.269 (weak persistence)
GBPUSD,rsi_mr,"{""filt"": true, ""hold"": 3, ""lo"": 10, ""n"": 5}",0.311,9.39,-4.15,43,42.9,0.426,4.5,-4.17,25,41.2,258,0.514,0.905,-0.225,False,-0.115,NOISE,30,0.772,n/a,0.269,12.9,21,K=258 tried; control best-of-K OOS Sharpe 0.905; train->OOS corr +0.269 (weak persistence)
EURUSD,rsi_mr,"{""filt"": false, ""hold"": 3, ""lo"": 10, ""n"": 5}",0.277,9.38,-12.38,116,44.1,0.42,8.34,-5.21,79,44.0,258,0.514,0.905,-0.225,False,-0.143,NOISE,31,0.772,n/a,0.269,12.9,21,K=258 tried; control best-of-K OOS Sharpe 0.905; train->OOS corr +0.269 (weak persistence)
AUDUSD,rsi_mr,"{""filt"": false, ""hold"": 5, ""lo"": 30, ""n"": 14}",0.042,0.4,-15.75,80,45.7,0.418,12.94,-9.03,39,48.7,258,0.514,0.905,-0.225,False,-0.376,NOISE,32,0.772,n/a,0.269,12.9,21,K=258 tried; control best-of-K OOS Sharpe 0.905; train->OOS corr +0.269 (weak persistence)
USDJPY,momentum,"{""hold"": 5, ""look"": 60}",0.092,3.36,-24.98,106,48.8,0.413,18.49,-15.53,48,53.1,258,0.514,0.905,-0.225,False,-0.321,NOISE,33,0.772,False,0.269,12.9,21,K=258 tried; control best-of-K OOS Sharpe 0.905; train->OOS corr +0.269 (weak persistence)
AUDUSD,rsi_mr,"{""filt"": false, ""hold"": 3, ""lo"": 30, ""n"": 5}",-0.572,-34.82,-37.22,210,46.2,0.392,15.82,-14.06,143,47.8,258,0.514,0.905,-0.225,False,-0.964,NOISE,34,0.772,n/a,0.269,12.9,21,K=258 tried; control best-of-K OOS Sharpe 0.905; train->OOS corr +0.269 (weak persistence)
AUDUSD,rsi_mr,"{""filt"": false, ""hold"": 5, ""lo"": 10, ""n"": 5}",-0.11,-7.11,-21.9,106,46.1,0.353,9.8,-9.42,62,45.5,258,0.514,0.905,-0.225,False,-0.463,NOISE,35,0.772,n/a,0.269,12.9,21,K=258 tried; control best-of-K OOS Sharpe 0.905; train->OOS corr +0.269 (weak persistence)
EURUSD,rsi_mr,"{""filt"": false, ""hold"": 3, ""lo"": 30, ""n"": 14}",-0.116,-5.18,-18.22,74,44.8,0.353,7.11,-7.58,56,49.2,258,0.514,0.905,-0.225,False,-0.469,NOISE,35,0.772,n/a,0.269,12.9,21,K=258 tried; control best-of-K OOS Sharpe 0.905; train->OOS corr +0.269 (weak persistence)
AUDUSD,rsi_mr,"{""filt"": false, ""hold"": 3, ""lo"": 20, ""n"": 5}",-0.263,-16.54,-24.5,191,44.7,0.352,11.82,-10.49,113,45.2,258,0.514,0.905,-0.225,False,-0.615,NOISE,37,0.772,n/a,0.269,12.9,21,K=258 tried; control best-of-K OOS Sharpe 0.905; train->OOS corr +0.269 (weak persistence)
EURUSD,rsi_mr,"{""filt"": true, ""hold"": 3, ""lo"": 30, ""n"": 14}",0.536,8.26,-3.04,16,49.2,0.352,3.64,-5.9,21,46.3,258,0.514,0.905,-0.225,False,0.184,NOISE,37,0.772,n/a,0.269,12.9,21,K=258 tried; control best-of-K OOS Sharpe 0.905; train->OOS corr +0.269 (weak persistence)
USDJPY,rsi_mr,"{""filt"": true, ""hold"": 5, ""lo"": 20, ""n"": 2}",-0.483,-20.89,-33.41,92,44.2,0.342,11.56,-16.48,64,51.7,258,0.514,0.905,-0.225,False,-0.825,NOISE,39,0.772,False,0.269,12.9,21,K=258 tried; control best-of-K OOS Sharpe 0.905; train->OOS corr +0.269 (weak persistence)
USDJPY,rsi_mr,"{""filt"": true, ""hold"": 5, ""lo"": 30, ""n"": 2}",-0.491,-23.04,-35.75,103,44.3,0.322,11.97,-19.6,63,52.4,258,0.514,0.905,-0.225,False,-0.813,NOISE,40,0.772,False,0.269,12.9,21,K=258 tried; control best-of-K OOS Sharpe 0.905; train->OOS corr +0.269 (weak persistence)
EURUSD,rsi_mr,"{""filt"": true, ""hold"": 3, ""lo"": 10, ""n"": 5}",0.356,6.7,-5.4,33,49.2,0.31,3.23,-5.62,32,41.1,258,0.514,0.905,-0.225,False,0.046,NOISE,41,0.772,n/a,0.269,12.9,21,K=258 tried; control best-of-K OOS Sharpe 0.905; train->OOS corr +0.269 (weak persistence)
AUDUSD,rsi_mr,"{""filt"": false, ""hold"": 5, ""lo"": 20, ""n"": 14}",0.075,1.76,-8.23,29,46.5,0.292,4.71,-4.41,18,50.9,258,0.514,0.905,-0.225,False,-0.217,NOISE,42,0.772,n/a,0.269,12.9,21,K=258 tried; control best-of-K OOS Sharpe 0.905; train->OOS corr +0.269 (weak persistence)
USDJPY,ma_cross,"{""fast"": 10, ""slow"": 50}",-0.223,-15.44,-31.07,66,47.8,0.281,11.4,-10.1,28,52.2,258,0.514,0.905,-0.225,False,-0.504,NOISE,43,0.772,False,0.269,12.9,21,K=258 tried; control best-of-K OOS Sharpe 0.905; train->OOS corr +0.269 (weak persistence)
EURUSD,donchian,"{""n"": 40}",-0.35,-21.24,-40.08,24,49.1,0.274,8.82,-9.16,8,48.3,258,0.514,0.905,-0.225,False,-0.624,NOISE,44,0.772,n/a,0.269,12.9,21,K=258 tried; control best-of-K OOS Sharpe 0.905; train->OOS corr +0.269 (weak persistence)
GBPUSD,ma_cross,"{""fast"": 10, ""slow"": 50}",-0.167,-14.13,-28.21,52,50.4,0.249,8.61,-11.84,32,50.5,258,0.514,0.905,-0.225,False,-0.416,NOISE,45,0.772,n/a,0.269,12.9,21,K=258 tried; control best-of-K OOS Sharpe 0.905; train->OOS corr +0.269 (weak persistence)
GBPUSD,rsi_mr,"{""filt"": true, ""hold"": 5, ""lo"": 10, ""n"": 5}",0.33,11.07,-6.52,42,46.1,0.243,3.28,-6.46,25,40.9,258,0.514,0.905,-0.225,False,0.087,NOISE,46,0.772,n/a,0.269,12.9,21,K=258 tried; control best-of-K OOS Sharpe 0.905; train->OOS corr +0.269 (weak persistence)
GBPUSD,rsi_mr,"{""filt"": true, ""hold"": 5, ""lo"": 20, ""n"": 14}",0.244,2.28,-2.87,8,41.8,0.24,1.35,-1.65,5,52.9,258,0.514,0.905,-0.225,False,0.004,NOISE,47,0.772,n/a,0.269,12.9,21,K=258 tried; control best-of-K OOS Sharpe 0.905; train->OOS corr +0.269 (weak persistence)
USDJPY,rsi_mr,"{""filt"": true, ""hold"": 3, ""lo"": 30, ""n"": 2}",-0.578,-23.97,-35.29,138,41.9,0.233,7.51,-15.59,96,49.4,258,0.514,0.905,-0.225,False,-0.811,NOISE,48,0.772,False,0.269,12.9,21,K=258 tried; control best-of-K OOS Sharpe 0.905; train->OOS corr +0.269 (weak persistence)
GBPUSD,vol_break,"{""hold"": 10, ""k"": 1.0}",-0.889,-42.1,-44.39,118,43.9,0.216,6.13,-10.18,64,48.0,258,0.514,0.905,-0.225,False,-1.105,NOISE,49,0.772,n/a,0.269,12.9,21,K=258 tried; control best-of-K OOS Sharpe 0.905; train->OOS corr +0.269 (weak persistence)
EURUSD,rsi_mr,"{""filt"": true, ""hold"": 5, ""lo"": 10, ""n"": 5}",0.328,6.78,-5.55,32,48.1,0.21,2.68,-9.1,33,43.2,258,0.514,0.905,-0.225,False,0.118,NOISE,50,0.772,n/a,0.269,12.9,21,K=258 tried; control best-of-K OOS Sharpe 0.905; train->OOS corr +0.269 (weak persistence)
USDJPY,rsi_mr,"{""filt"": true, ""hold"": 3, ""lo"": 20, ""n"": 2}",-0.435,-17.16,-27.0,124,42.3,0.18,4.93,-13.39,85,49.1,258,0.514,0.905,-0.225,False,-0.615,NOISE,51,0.772,False,0.269,12.9,21,K=258 tried; control best-of-K OOS Sharpe 0.905; train->OOS corr +0.269 (weak persistence)
EURUSD,donchian,"{""n"": 20}",-0.225,-14.99,-35.08,30,48.7,0.177,5.09,-11.66,18,46.9,258,0.514,0.905,-0.225,False,-0.402,NOISE,52,0.772,n/a,0.269,12.9,21,K=258 tried; control best-of-K OOS Sharpe 0.905; train->OOS corr +0.269 (weak persistence)
USDJPY,ma_cross,"{""fast"": 20, ""slow"": 100}",0.106,4.24,-27.27,18,49.0,0.177,6.09,-21.53,14,52.9,258,0.514,0.905,-0.225,False,-0.071,NOISE,52,0.772,False,0.269,12.9,21,K=258 tried; control best-of-K OOS Sharpe 0.905; train->OOS corr +0.269 (weak persistence)
AUDUSD,rsi_mr,"{""filt"": false, ""hold"": 3, ""lo"": 10, ""n"": 5}",-0.271,-12.84,-24.42,116,42.1,0.177,3.64,-7.66,63,42.1,258,0.514,0.905,-0.225,False,-0.448,NOISE,52,0.772,n/a,0.269,12.9,21,K=258 tried; control best-of-K OOS Sharpe 0.905; train->OOS corr +0.269 (weak persistence)
GBPUSD,rsi_mr,"{""filt"": false, ""hold"": 3, ""lo"": 30, ""n"": 14}",0.142,5.27,-11.45,82,46.1,0.176,3.69,-6.05,55,46.9,258,0.514,0.905,-0.225,False,-0.034,NOISE,55,0.772,n/a,0.269,12.9,21,K=258 tried; control best-of-K OOS Sharpe 0.905; train->OOS corr +0.269 (weak persistence)
GBPUSD,ma_cross,"{""fast"": 20, ""slow"": 50}",0.055,0.68,-30.25,41,50.3,0.174,5.38,-10.62,24,51.1,258,0.514,0.905,-0.225,False,-0.119,NOISE,56,0.772,n/a,0.269,12.9,21,K=258 tried; control best-of-K OOS Sharpe 0.905; train->OOS corr +0.269 (weak persistence)
AUDUSD,rsi_mr,"{""filt"": false, ""hold"": 3, ""lo"": 30, ""n"": 2}",-0.485,-31.84,-41.97,370,46.4,0.162,5.35,-14.83,227,47.7,258,0.514,0.905,-0.225,False,-0.647,NOISE,57,0.772,n/a,0.269,12.9,21,K=258 tried; control best-of-K OOS Sharpe 0.905; train->OOS corr +0.269 (weak persistence)
GBPUSD,rsi_mr,"{""filt"": false, ""hold"": 5, ""lo"": 30, ""n"": 14}",0.176,7.38,-12.24,75,46.8,0.154,3.4,-6.42,51,48.0,258,0.514,0.905,-0.225,False,0.022,NOISE,58,0.772,n/a,0.269,12.9,21,K=258 tried; control best-of-K OOS Sharpe 0.905; train->OOS corr +0.269 (weak persistence)
EURUSD,donchian,"{""n"": 55}",-0.218,-14.57,-35.88,16,49.5,0.153,4.2,-17.89,6,48.8,258,0.514,0.905,-0.225,False,-0.371,NOISE,59,0.772,n/a,0.269,12.9,21,K=258 tried; control best-of-K OOS Sharpe 0.905; train->OOS corr +0.269 (weak persistence)
GBPUSD,momentum,"{""hold"": 10, ""look"": 20}",-0.268,-20.17,-27.71,175,49.5,0.145,4.17,-18.94,108,50.6,258,0.514,0.905,-0.225,False,-0.413,NOISE,60,0.772,n/a,0.269,12.9,21,K=258 tried; control best-of-K OOS Sharpe 0.905; train->OOS corr +0.269 (weak persistence)
USDJPY,rsi_mr,"{""filt"": true, ""hold"": 3, ""lo"": 10, ""n"": 2}",-0.353,-12.47,-19.6,106,42.9,0.143,3.42,-15.32,69,49.7,258,0.514,0.905,-0.225,False,-0.496,NOISE,61,0.772,False,0.269,12.9,21,K=258 tried; control best-of-K OOS Sharpe 0.905; train->OOS corr +0.269 (weak persistence)
EURUSD,ma_cross,"{""fast"": 20, ""slow"": 50}",0.062,1.41,-23.13,38,49.8,0.139,3.68,-16.49,30,45.3,258,0.514,0.905,-0.225,False,-0.077,NOISE,62,0.772,n/a,0.269,12.9,21,K=258 tried; control best-of-K OOS Sharpe 0.905; train->OOS corr +0.269 (weak persistence)
GBPUSD,donchian,"{""n"": 20}",-0.319,-23.0,-36.13,29,49.7,0.133,3.66,-16.27,19,50.3,258,0.514,0.905,-0.225,False,-0.452,NOISE,63,0.772,n/a,0.269,12.9,21,K=258 tried; control best-of-K OOS Sharpe 0.905; train->OOS corr +0.269 (weak persistence)
AUDUSD,momentum,"{""hold"": 20, ""look"": 60}",-0.441,-30.85,-41.52,107,49.8,0.127,3.72,-17.7,77,50.5,258,0.514,0.905,-0.225,False,-0.568,NOISE,64,0.772,n/a,0.269,12.9,21,K=258 tried; control best-of-K OOS Sharpe 0.905; train->OOS corr +0.269 (weak persistence)
AUDUSD,rsi_mr,"{""filt"": false, ""hold"": 3, ""lo"": 30, ""n"": 14}",0.258,11.96,-12.66,87,46.7,0.121,2.58,-9.97,41,46.7,258,0.514,0.905,-0.225,False,0.137,NOISE,65,0.772,n/a,0.269,12.9,21,K=258 tried; control best-of-K OOS Sharpe 0.905; train->OOS corr +0.269 (weak persistence)
USDJPY,donchian,"{""n"": 40}",0.485,32.6,-18.7,10,50.2,0.119,3.26,-22.03,10,52.0,258,0.514,0.905,-0.225,False,0.366,NOISE,66,0.772,False,0.269,12.9,21,K=258 tried; control best-of-K OOS Sharpe 0.905; train->OOS corr +0.269 (weak persistence)
USDJPY,vol_break,"{""hold"": 3, ""k"": 1.5}",-0.659,-11.35,-16.28,38,33.5,0.116,1.42,-5.45,22,41.2,258,0.514,0.905,-0.225,False,-0.775,NOISE,67,0.772,False,0.269,12.9,21,K=258 tried; control best-of-K OOS Sharpe 0.905; train->OOS corr +0.269 (weak persistence)
EURUSD,rsi_mr,"{""filt"": false, ""hold"": 5, ""lo"": 20, ""n"": 14}",-0.163,-4.94,-11.68,28,45.7,0.114,1.14,-3.44,18,46.3,258,0.514,0.905,-0.225,False,-0.277,NOISE,68,0.772,n/a,0.269,12.9,21,K=258 tried; control best-of-K OOS Sharpe 0.905; train->OOS corr +0.269 (weak persistence)
GBPUSD,rsi_mr,"{""filt"": true, ""hold"": 3, ""lo"": 20, ""n"": 5}",-0.288,-11.27,-17.79,73,41.9,0.113,1.59,-8.3,47,42.0,258,0.514,0.905,-0.225,False,-0.401,NOISE,69,0.772,n/a,0.269,12.9,21,K=258 tried; control best-of-K OOS Sharpe 0.905; train->OOS corr +0.269 (weak persistence)
USDJPY,momentum,"{""hold"": 20, ""look"": 60}",0.073,2.1,-23.59,106,49.2,0.109,2.79,-24.16,48,52.6,258,0.514,0.905,-0.225,False,-0.036,NOISE,70,0.772,False,0.269,12.9,21,K=258 tried; control best-of-K OOS Sharpe 0.905; train->OOS corr +0.269 (weak persistence)
EURUSD,momentum,"{""hold"": 10, ""look"": 10}",-0.726,-37.51,-51.91,290,49.3,0.106,2.46,-11.95,168,49.0,258,0.514,0.905,-0.225,False,-0.832,NOISE,71,0.772,n/a,0.269,12.9,21,K=258 tried; control best-of-K OOS Sharpe 0.905; train->OOS corr +0.269 (weak persistence)
USDJPY,vol_break,"{""hold"": 10, ""k"": 1.0}",-0.317,-17.05,-24.73,126,46.1,0.103,2.38,-13.52,65,48.1,258,0.514,0.905,-0.225,False,-0.42,NOISE,72,0.772,False,0.269,12.9,21,K=258 tried; control best-of-K OOS Sharpe 0.905; train->OOS corr +0.269 (weak persistence)
USDJPY,ma_cross,"{""fast"": 20, ""slow"": 50}",-0.046,-5.34,-29.32,46,48.8,0.098,2.25,-15.21,22,51.0,258,0.514,0.905,-0.225,False,-0.144,NOISE,73,0.772,False,0.269,12.9,21,K=258 tried; control best-of-K OOS Sharpe 0.905; train->OOS corr +0.269 (weak persistence)
EURUSD,rsi_mr,"{""filt"": false, ""hold"": 5, ""lo"": 30, ""n"": 2}",-0.395,-22.66,-24.65,335,48.1,0.094,1.99,-17.36,218,48.6,258,0.514,0.905,-0.225,False,-0.489,NOISE,74,0.772,n/a,0.269,12.9,21,K=258 tried; control best-of-K OOS Sharpe 0.905; train->OOS corr +0.269 (weak persistence)
USDJPY,momentum,"{""hold"": 10, ""look"": 20}",-0.39,-23.94,-30.38,227,48.5,0.084,1.59,-14.9,113,50.9,258,0.514,0.905,-0.225,False,-0.474,NOISE,75,0.772,False,0.269,12.9,21,K=258 tried; control best-of-K OOS Sharpe 0.905; train->OOS corr +0.269 (weak persistence)
GBPUSD,vol_break,"{""hold"": 10, ""k"": 1.5}",-0.294,-10.92,-15.73,28,43.5,0.076,1.01,-9.79,14,46.8,258,0.514,0.905,-0.225,False,-0.37,NOISE,76,0.772,n/a,0.269,12.9,21,K=258 tried; control best-of-K OOS Sharpe 0.905; train->OOS corr +0.269 (weak persistence)
USDJPY,rsi_mr,"{""filt"": false, ""hold"": 5, ""lo"": 10, ""n"": 14}",-0.27,-3.92,-10.06,6,42.1,0.07,0.71,-3.8,7,38.5,258,0.514,0.905,-0.225,False,-0.34,NOISE,77,0.772,False,0.269,12.9,21,K=258 tried; control best-of-K OOS Sharpe 0.905; train->OOS corr +0.269 (weak persistence)
USDJPY,rsi_mr,"{""filt"": true, ""hold"": 3, ""lo"": 10, ""n"": 5}",0.253,5.73,-7.59,39,43.9,0.07,0.78,-5.83,20,43.8,258,0.514,0.905,-0.225,False,0.183,NOISE,77,0.772,False,0.269,12.9,21,K=258 tried; control best-of-K OOS Sharpe 0.905; train->OOS corr +0.269 (weak persistence)
EURUSD,rsi_mr,"{""filt"": false, ""hold"": 3, ""lo"": 30, ""n"": 2}",-0.351,-19.81,-21.97,367,46.9,0.067,1.05,-16.41,235,47.5,258,0.514,0.905,-0.225,False,-0.418,NOISE,79,0.772,n/a,0.269,12.9,21,K=258 tried; control best-of-K OOS Sharpe 0.905; train->OOS corr +0.269 (weak persistence)
USDJPY,vol_break,"{""hold"": 5, ""k"": 1.5}",-0.645,-13.28,-19.03,38,36.6,0.05,0.53,-6.23,22,43.7,258,0.514,0.905,-0.225,False,-0.695,NOISE,80,0.772,False,0.269,12.9,21,K=258 tried; control best-of-K OOS Sharpe 0.905; train->OOS corr +0.269 (weak persistence)
GBPUSD,ma_cross,"{""fast"": 10, ""slow"": 100}",0.007,-2.73,-23.54,26,51.8,0.05,0.26,-16.52,20,50.6,258,0.514,0.905,-0.225,False,-0.043,NOISE,80,0.772,n/a,0.269,12.9,21,K=258 tried; control best-of-K OOS Sharpe 0.905; train->OOS corr +0.269 (weak persistence)
AUDUSD,rsi_mr,"{""filt"": true, ""hold"": 5, ""lo"": 30, ""n"": 14}",0.185,4.67,-7.27,30,43.7,0.022,0.08,-10.64,12,43.2,258,0.514,0.905,-0.225,False,0.163,NOISE,82,0.772,n/a,0.269,12.9,21,K=258 tried; control best-of-K OOS Sharpe 0.905; train->OOS corr +0.269 (weak persistence)
EURUSD,ma_cross,"{""fast"": 5, ""slow"": 20}",-0.828,-41.28,-52.87,144,48.0,0.015,-0.83,-10.18,67,48.3,258,0.514,0.905,-0.225,False,-0.843,NOISE,83,0.772,n/a,0.269,12.9,21,K=258 tried; control best-of-K OOS Sharpe 0.905; train->OOS corr +0.269 (weak persistence)
USDJPY,rsi_mr,"{""filt"": false, ""hold"": 3, ""lo"": 10, ""n"": 14}",-0.515,-5.77,-8.67,7,36.4,0.012,0.0,-4.68,7,37.3,258,0.514,0.905,-0.225,False,-0.527,NOISE,84,0.772,False,0.269,12.9,21,K=258 tried; control best-of-K OOS Sharpe 0.905; train->OOS corr +0.269 (weak persistence)
USDJPY,momentum,"{""hold"": 10, ""look"": 10}",-0.414,-25.15,-29.49,296,49.2,-0.012,-2.9,-13.88,147,51.0,258,0.514,0.905,-0.225,False,-0.402,NOISE,85,0.772,False,0.269,12.9,21,K=258 tried; control best-of-K OOS Sharpe 0.905; train->OOS corr +0.269 (weak persistence)
USDJPY,momentum,"{""hold"": 5, ""look"": 120}",-0.303,-19.02,-36.32,80,48.9,-0.013,-2.91,-30.68,18,53.4,258,0.514,0.905,-0.225,False,-0.29,NOISE,86,0.772,False,0.269,12.9,21,K=258 tried; control best-of-K OOS Sharpe 0.905; train->OOS corr +0.269 (weak persistence)
EURUSD,ma_cross,"{""fast"": 10, ""slow"": 50}",-0.037,-4.57,-28.99,54,49.7,-0.028,-2.37,-12.58,32,46.9,258,0.514,0.905,-0.225,False,-0.009,NOISE,87,0.772,n/a,0.269,12.9,21,K=258 tried; control best-of-K OOS Sharpe 0.905; train->OOS corr +0.269 (weak persistence)
AUDUSD,rsi_mr,"{""filt"": false, ""hold"": 5, ""lo"": 30, ""n"": 2}",-0.388,-27.64,-35.91,342,48.2,-0.033,-3.98,-16.94,208,48.4,258,0.514,0.905,-0.225,False,-0.355,NOISE,88,0.772,n/a,0.269,12.9,21,K=258 tried; control best-of-K OOS Sharpe 0.905; train->OOS corr +0.269 (weak persistence)
AUDUSD,rsi_mr,"{""filt"": true, ""hold"": 3, ""lo"": 30, ""n"": 14}",0.336,8.2,-5.51,32,45.1,-0.047,-0.8,-9.33,13,39.8,258,0.514,0.905,-0.225,False,0.383,NOISE,89,0.772,n/a,0.269,12.9,21,K=258 tried; control best-of-K OOS Sharpe 0.905; train->OOS corr +0.269 (weak persistence)
EURUSD,rsi_mr,"{""filt"": true, ""hold"": 5, ""lo"": 30, ""n"": 5}",0.263,10.43,-12.31,98,48.7,-0.058,-1.92,-17.38,59,43.7,258,0.514,0.905,-0.225,False,0.321,NOISE,90,0.772,n/a,0.269,12.9,21,K=258 tried; control best-of-K OOS Sharpe 0.905; train->OOS corr +0.269 (weak persistence)
USDJPY,donchian,"{""n"": 55}",0.416,26.92,-15.28,8,50.3,-0.061,-5.07,-28.31,10,51.9,258,0.514,0.905,-0.225,False,0.477,NOISE,91,0.772,False,0.269,12.9,21,K=258 tried; control best-of-K OOS Sharpe 0.905; train->OOS corr +0.269 (weak persistence)
GBPUSD,rsi_mr,"{""filt"": true, ""hold"": 5, ""lo"": 30, ""n"": 14}",0.025,0.25,-5.26,23,43.2,-0.066,-1.09,-4.97,21,45.8,258,0.514,0.905,-0.225,False,0.091,NOISE,92,0.772,n/a,0.269,12.9,21,K=258 tried; control best-of-K OOS Sharpe 0.905; train->OOS corr +0.269 (weak persistence)
GBPUSD,rsi_mr,"{""filt"": true, ""hold"": 3, ""lo"": 30, ""n"": 14}",-0.107,-2.23,-7.3,26,41.7,-0.068,-0.95,-3.99,22,46.9,258,0.514,0.905,-0.225,False,-0.039,NOISE,93,0.772,n/a,0.269,12.9,21,K=258 tried; control best-of-K OOS Sharpe 0.905; train->OOS corr +0.269 (weak persistence)
EURUSD,ma_cross,"{""fast"": 10, ""slow"": 100}",-0.408,-23.66,-40.27,36,49.5,-0.069,-3.81,-18.72,20,47.4,258,0.514,0.905,-0.225,False,-0.339,NOISE,94,0.772,n/a,0.269,12.9,21,K=258 tried; control best-of-K OOS Sharpe 0.905; train->OOS corr +0.269 (weak persistence)
USDJPY,donchian,"{""n"": 80}",0.159,7.65,-16.58,6,49.8,-0.098,-6.73,-33.46,6,53.6,258,0.514,0.905,-0.225,False,0.257,NOISE,95,0.772,False,0.269,12.9,21,K=258 tried; control best-of-K OOS Sharpe 0.905; train->OOS corr +0.269 (weak persistence)
EURUSD,rsi_mr,"{""filt"": false, ""hold"": 5, ""lo"": 20, ""n"": 2}",-0.722,-35.56,-37.04,239,46.8,-0.099,-4.64,-17.34,146,47.1,258,0.514,0.905,-0.225,False,-0.623,NOISE,96,0.772,n/a,0.269,12.9,21,K=258 tried; control best-of-K OOS Sharpe 0.905; train->OOS corr +0.269 (weak persistence)
GBPUSD,ma_cross,"{""fast"": 20, ""slow"": 100}",0.164,8.77,-15.13,16,52.1,-0.1,-5.57,-18.97,16,51.0,258,0.514,0.905,-0.225,False,0.264,NOISE,97,0.772,n/a,0.269,12.9,21,K=258 tried; control best-of-K OOS Sharpe 0.905; train->OOS corr +0.269 (weak persistence)
USDJPY,vol_break,"{""hold"": 10, ""k"": 2.0}",-0.151,-2.14,-6.15,7,39.3,-0.107,-1.17,-3.72,5,43.3,258,0.514,0.905,-0.225,False,-0.044,NOISE,98,0.772,False,0.269,12.9,21,K=258 tried; control best-of-K OOS Sharpe 0.905; train->OOS corr +0.269 (weak persistence)
GBPUSD,rsi_mr,"{""filt"": false, ""hold"": 3, ""lo"": 20, ""n"": 5}",-0.24,-15.28,-26.64,186,44.5,-0.111,-4.33,-12.9,111,43.3,258,0.514,0.905,-0.225,False,-0.129,NOISE,99,0.772,n/a,0.269,12.9,21,K=258 tried; control best-of-K OOS Sharpe 0.905; train->OOS corr +0.269 (weak persistence)
GBPUSD,donchian,"{""n"": 10}",-1.137,-57.13,-59.52,61,46.7,-0.113,-6.04,-20.83,33,49.3,258,0.514,0.905,-0.225,False,-1.024,NOISE,100,0.772,n/a,0.269,12.9,21,K=258 tried; control best-of-K OOS Sharpe 0.905; train->OOS corr +0.269 (weak persistence)
USDJPY,rsi_mr,"{""filt"": true, ""hold"": 5, ""lo"": 10, ""n"": 5}",0.188,4.77,-10.49,36,46.2,-0.122,-2.51,-10.03,17,47.0,258,0.514,0.905,-0.225,False,0.31,NOISE,101,0.772,False,0.269,12.9,21,K=258 tried; control best-of-K OOS Sharpe 0.905; train->OOS corr +0.269 (weak persistence)
AUDUSD,momentum,"{""hold"": 20, ""look"": 120}",0.078,2.3,-20.41,86,50.2,-0.127,-8.47,-25.43,73,50.5,258,0.514,0.905,-0.225,False,0.205,NOISE,102,0.772,n/a,0.269,12.9,21,K=258 tried; control best-of-K OOS Sharpe 0.905; train->OOS corr +0.269 (weak persistence)
GBPUSD,momentum,"{""hold"": 5, ""look"": 60}",-0.116,-10.94,-26.05,98,51.3,-0.148,-7.34,-19.82,84,49.3,258,0.514,0.905,-0.225,False,0.032,NOISE,103,0.772,n/a,0.269,12.9,21,K=258 tried; control best-of-K OOS Sharpe 0.905; train->OOS corr +0.269 (weak persistence)
GBPUSD,vol_break,"{""hold"": 5, ""k"": 1.5}",-0.213,-7.08,-12.95,28,42.8,-0.153,-2.29,-10.21,16,43.8,258,0.514,0.905,-0.225,False,-0.06,NOISE,104,0.772,n/a,0.269,12.9,21,K=258 tried; control best-of-K OOS Sharpe 0.905; train->OOS corr +0.269 (weak persistence)
USDJPY,momentum,"{""hold"": 20, ""look"": 10}",-0.534,-30.56,-38.78,295,47.0,-0.153,-9.1,-18.06,148,50.5,258,0.514,0.905,-0.225,False,-0.381,NOISE,104,0.772,False,0.269,12.9,21,K=258 tried; control best-of-K OOS Sharpe 0.905; train->OOS corr +0.269 (weak persistence)
AUDUSD,momentum,"{""hold"": 5, ""look"": 120}",0.054,0.49,-27.9,86,49.9,-0.156,-9.72,-21.39,73,48.8,258,0.514,0.905,-0.225,False,0.21,NOISE,106,0.772,n/a,0.269,12.9,21,K=258 tried; control best-of-K OOS Sharpe 0.905; train->OOS corr +0.269 (weak persistence)
USDJPY,momentum,"{""hold"": 20, ""look"": 20}",-0.198,-14.05,-28.74,225,48.3,-0.156,-9.22,-33.19,114,50.8,258,0.514,0.905,-0.225,False,-0.042,NOISE,106,0.772,False,0.269,12.9,21,K=258 tried; control best-of-K OOS Sharpe 0.905; train->OOS corr +0.269 (weak persistence)
USDJPY,momentum,"{""hold"": 10, ""look"": 120}",-0.308,-19.23,-33.68,80,48.9,-0.166,-9.63,-36.42,18,53.4,258,0.514,0.905,-0.225,False,-0.142,NOISE,108,0.772,False,0.269,12.9,21,K=258 tried; control best-of-K OOS Sharpe 0.905; train->OOS corr +0.269 (weak persistence)
USDJPY,vol_break,"{""hold"": 3, ""k"": 2.0}",-0.019,-0.23,-2.64,7,40.0,-0.167,-1.37,-4.36,5,32.0,258,0.514,0.905,-0.225,False,0.148,NOISE,109,0.772,False,0.269,12.9,21,K=258 tried; control best-of-K OOS Sharpe 0.905; train->OOS corr +0.269 (weak persistence)
GBPUSD,vol_break,"{""hold"": 5, ""k"": 1.0}",-0.558,-25.16,-27.28,133,41.9,-0.175,-5.07,-15.2,80,44.3,258,0.514,0.905,-0.225,False,-0.383,NOISE,110,0.772,n/a,0.269,12.9,21,K=258 tried; control best-of-K OOS Sharpe 0.905; train->OOS corr +0.269 (weak persistence)
GBPUSD,momentum,"{""hold"": 20, ""look"": 10}",-0.407,-27.65,-47.88,300,49.7,-0.178,-8.5,-18.93,160,51.0,258,0.514,0.905,-0.225,False,-0.229,NOISE,111,0.772,n/a,0.269,12.9,21,K=258 tried; control best-of-K OOS Sharpe 0.905; train->OOS corr +0.269 (weak persistence)
EURUSD,vol_break,"{""hold"": 5, ""k"": 1.5}",-0.388,-8.85,-11.03,35,37.9,-0.178,-2.32,-6.43,19,41.4,258,0.514,0.905,-0.225,False,-0.21,NOISE,111,0.772,n/a,0.269,12.9,21,K=258 tried; control best-of-K OOS Sharpe 0.905; train->OOS corr +0.269 (weak persistence)
EURUSD,rsi_mr,"{""filt"": false, ""hold"": 5, ""lo"": 10, ""n"": 2}",-0.45,-23.67,-24.64,174,46.5,-0.186,-7.22,-16.55,97,45.3,258,0.514,0.905,-0.225,False,-0.264,NOISE,113,0.772,n/a,0.269,12.9,21,K=258 tried; control best-of-K OOS Sharpe 0.905; train->OOS corr +0.269 (weak persistence)
GBPUSD,rsi_mr,"{""filt"": false, ""hold"": 5, ""lo"": 20, ""n"": 5}",-0.106,-8.92,-21.07,162,47.6,-0.188,-7.41,-13.75,97,45.3,258,0.514,0.905,-0.225,False,0.082,NOISE,114,0.772,n/a,0.269,12.9,21,K=258 tried; control best-of-K OOS Sharpe 0.905; train->OOS corr +0.269 (weak persistence)
EURUSD,ma_cross,"{""fast"": 20, ""slow"": 100}",-0.209,-13.93,-31.91,24,49.4,-0.192,-7.97,-22.31,18,47.3,258,0.514,0.905,-0.225,False,-0.017,NOISE,115,0.772,n/a,0.269,12.9,21,K=258 tried; control best-of-K OOS Sharpe 0.905; train->OOS corr +0.269 (weak persistence)
USDJPY,rsi_mr,"{""filt"": true, ""hold"": 5, ""lo"": 30, ""n"": 14}",-0.006,-0.36,-12.89,22,42.8,-0.197,-4.33,-13.12,13,46.1,258,0.514,0.905,-0.225,False,0.191,NOISE,116,0.772,False,0.269,12.9,21,K=258 tried; control best-of-K OOS Sharpe 0.905; train->OOS corr +0.269 (weak persistence)
GBPUSD,donchian,"{""n"": 40}",0.016,-2.09,-27.92,12,50.9,-0.197,-9.18,-20.26,16,49.5,258,0.514,0.905,-0.225,False,0.213,NOISE,116,0.772,n/a,0.269,12.9,21,K=258 tried; control best-of-K OOS Sharpe 0.905; train->OOS corr +0.269 (weak persistence)
AUDUSD,rsi_mr,"{""filt"": false, ""hold"": 3, ""lo"": 10, ""n"": 2}",-0.373,-22.51,-36.49,214,45.5,-0.216,-10.06,-19.77,144,45.4,258,0.514,0.905,-0.225,False,-0.157,NOISE,118,0.772,n/a,0.269,12.9,21,K=258 tried; control best-of-K OOS Sharpe 0.905; train->OOS corr +0.269 (weak persistence)
USDJPY,ma_cross,"{""fast"": 50, ""slow"": 200}",-0.426,-24.08,-33.88,12,48.6,-0.219,-11.86,-35.61,6,53.7,258,0.514,0.905,-0.225,False,-0.207,NOISE,119,0.772,False,0.269,12.9,21,K=258 tried; control best-of-K OOS Sharpe 0.905; train->OOS corr +0.269 (weak persistence)
EURUSD,momentum,"{""hold"": 5, ""look"": 60}",-0.158,-11.36,-31.43,143,49.7,-0.223,-8.99,-19.32,78,47.1,258,0.514,0.905,-0.225,False,0.065,NOISE,120,0.772,n/a,0.269,12.9,21,K=258 tried; control best-of-K OOS Sharpe 0.905; train->OOS corr +0.269 (weak persistence)
EURUSD,rsi_mr,"{""filt"": true, ""hold"": 3, ""lo"": 30, ""n"": 2}",-0.235,-10.05,-17.75,128,43.7,-0.227,-6.6,-15.42,85,42.1,258,0.514,0.905,-0.225,False,-0.008,NOISE,121,0.772,n/a,0.269,12.9,21,K=258 tried; control best-of-K OOS Sharpe 0.905; train->OOS corr +0.269 (weak persistence)
AUDUSD,rsi_mr,"{""filt"": true, ""hold"": 5, ""lo"": 20, ""n"": 5}",0.608,26.9,-9.48,70,48.5,-0.237,-6.24,-17.68,44,42.5,258,0.514,0.905,-0.225,False,0.845,NOISE,122,0.772,n/a,0.269,12.9,21,K=258 tried; control best-of-K OOS Sharpe 0.905; train->OOS corr +0.269 (weak persistence)
USDJPY,rsi_mr,"{""filt"": true, ""hold"": 3, ""lo"": 30, ""n"": 14}",-0.027,-0.67,-10.5,25,42.4,-0.247,-4.96,-12.72,13,45.4,258,0.514,0.905,-0.225,False,0.22,NOISE,123,0.772,False,0.269,12.9,21,K=258 tried; control best-of-K OOS Sharpe 0.905; train->OOS corr +0.269 (weak persistence)
USDJPY,rsi_mr,"{""filt"": false, ""hold"": 3, ""lo"": 10, ""n"": 5}",0.043,0.7,-11.04,109,42.5,-0.249,-7.24,-14.64,64,40.3,258,0.514,0.905,-0.225,False,0.292,NOISE,124,0.772,False,0.269,12.9,21,K=258 tried; control best-of-K OOS Sharpe 0.905; train->OOS corr +0.269 (weak persistence)
EURUSD,rsi_mr,"{""filt"": true, ""hold"": 5, ""lo"": 20, ""n"": 5}",-0.036,-1.92,-8.92,70,47.4,-0.251,-4.62,-14.48,41,42.8,258,0.514,0.905,-0.225,False,0.215,NOISE,125,0.772,n/a,0.269,12.9,21,K=258 tried; control best-of-K OOS Sharpe 0.905; train->OOS corr +0.269 (weak persistence)
AUDUSD,rsi_mr,"{""filt"": false, ""hold"": 5, ""lo"": 10, ""n"": 2}",-0.119,-10.49,-34.03,174,48.3,-0.254,-12.59,-19.31,117,46.6,258,0.514,0.905,-0.225,False,0.135,NOISE,126,0.772,n/a,0.269,12.9,21,K=258 tried; control best-of-K OOS Sharpe 0.905; train->OOS corr +0.269 (weak persistence)
AUDUSD,momentum,"{""hold"": 20, ""look"": 10}",-0.431,-30.44,-43.86,282,48.5,-0.259,-14.18,-26.01,195,48.3,258,0.514,0.905,-0.225,False,-0.172,NOISE,127,0.772,n/a,0.269,12.9,21,K=258 tried; control best-of-K OOS Sharpe 0.905; train->OOS corr +0.269 (weak persistence)
USDJPY,momentum,"{""hold"": 5, ""look"": 20}",-0.984,-47.88,-51.83,227,46.9,-0.26,-13.52,-24.39,112,51.1,258,0.514,0.905,-0.225,False,-0.724,NOISE,128,0.772,False,0.269,12.9,21,K=258 tried; control best-of-K OOS Sharpe 0.905; train->OOS corr +0.269 (weak persistence)
EURUSD,momentum,"{""hold"": 5, ""look"": 10}",-0.521,-29.13,-46.78,294,49.2,-0.26,-10.18,-12.04,165,46.6,258,0.514,0.905,-0.225,False,-0.261,NOISE,128,0.772,n/a,0.269,12.9,21,K=258 tried; control best-of-K OOS Sharpe 0.905; train->OOS corr +0.269 (weak persistence)
USDJPY,rsi_mr,"{""filt"": true, ""hold"": 3, ""lo"": 30, ""n"": 5}",-0.332,-12.78,-24.86,106,41.9,-0.263,-8.83,-25.86,59,45.4,258,0.514,0.905,-0.225,False,-0.069,NOISE,130,0.772,False,0.269,12.9,21,K=258 tried; control best-of-K OOS Sharpe 0.905; train->OOS corr +0.269 (weak persistence)
EURUSD,momentum,"{""hold"": 20, ""look"": 10}",-0.012,-3.07,-27.03,287,49.3,-0.264,-10.3,-18.56,171,46.8,258,0.514,0.905,-0.225,False,0.252,NOISE,131,0.772,n/a,0.269,12.9,21,K=258 tried; control best-of-K OOS Sharpe 0.905; train->OOS corr +0.269 (weak persistence)
GBPUSD,vol_break,"{""hold"": 3, ""k"": 1.5}",0.257,4.82,-5.1,28,39.4,-0.276,-3.44,-10.79,16,38.8,258,0.514,0.905,-0.225,False,0.533,NOISE,132,0.772,n/a,0.269,12.9,21,K=258 tried; control best-of-K OOS Sharpe 0.905; train->OOS corr +0.269 (weak persistence)
GBPUSD,rsi_mr,"{""filt"": false, ""hold"": 5, ""lo"": 20, ""n"": 2}",-0.312,-21.92,-30.53,249,46.8,-0.278,-11.52,-18.17,154,47.9,258,0.514,0.905,-0.225,False,-0.034,NOISE,133,0.772,n/a,0.269,12.9,21,K=258 tried; control best-of-K OOS Sharpe 0.905; train->OOS corr +0.269 (weak persistence)
GBPUSD,momentum,"{""hold"": 5, ""look"": 20}",-0.387,-26.71,-33.67,176,48.7,-0.281,-12.16,-17.94,107,48.2,258,0.514,0.905,-0.225,False,-0.106,NOISE,134,0.772,n/a,0.269,12.9,21,K=258 tried; control best-of-K OOS Sharpe 0.905; train->OOS corr +0.269 (weak persistence)
AUDUSD,ma_cross,"{""fast"": 50, ""slow"": 200}",-0.255,-19.69,-35.72,10,50.3,-0.281,-15.13,-25.04,13,49.9,258,0.514,0.905,-0.225,False,0.026,NOISE,134,0.772,n/a,0.269,12.9,21,K=258 tried; control best-of-K OOS Sharpe 0.905; train->OOS corr +0.269 (weak persistence)
AUDUSD,momentum,"{""hold"": 10, ""look"": 20}",-0.107,-11.08,-27.66,194,48.8,-0.283,-15.19,-29.45,130,49.7,258,0.514,0.905,-0.225,False,0.176,NOISE,136,0.772,n/a,0.269,12.9,21,K=258 tried; control best-of-K OOS Sharpe 0.905; train->OOS corr +0.269 (weak persistence)
EURUSD,momentum,"{""hold"": 5, ""look"": 120}",-0.21,-13.86,-33.66,44,50.3,-0.289,-11.11,-24.87,47,47.0,258,0.514,0.905,-0.225,False,0.079,NOISE,137,0.772,n/a,0.269,12.9,21,K=258 tried; control best-of-K OOS Sharpe 0.905; train->OOS corr +0.269 (weak persistence)
EURUSD,vol_break,"{""hold"": 3, ""k"": 1.5}",-0.464,-8.84,-10.58,35,35.5,-0.29,-3.18,-6.22,19,38.9,258,0.514,0.905,-0.225,False,-0.174,NOISE,138,0.772,n/a,0.269,12.9,21,K=258 tried; control best-of-K OOS Sharpe 0.905; train->OOS corr +0.269 (weak persistence)
AUDUSD,rsi_mr,"{""filt"": true, ""hold"": 3, ""lo"": 30, ""n"": 5}",-0.176,-8.84,-15.93,86,44.7,-0.294,-8.45,-18.68,66,41.5,258,0.514,0.905,-0.225,False,0.118,NOISE,139,0.772,n/a,0.269,12.9,21,K=258 tried; control best-of-K OOS Sharpe 0.905; train->OOS corr +0.269 (weak persistence)
GBPUSD,momentum,"{""hold"": 20, ""look"": 20}",-0.493,-32.08,-43.23,175,50.1,-0.31,-13.18,-23.94,104,50.6,258,0.514,0.905,-0.225,False,-0.183,NOISE,140,0.772,n/a,0.269,12.9,21,K=258 tried; control best-of-K OOS Sharpe 0.905; train->OOS corr +0.269 (weak persistence)
USDJPY,rsi_mr,"{""filt"": true, ""hold"": 5, ""lo"": 20, ""n"": 14}",0.032,0.19,-2.07,6,44.9,-0.315,-3.35,-6.47,6,44.4,258,0.514,0.905,-0.225,False,0.347,NOISE,141,0.772,False,0.269,12.9,21,K=258 tried; control best-of-K OOS Sharpe 0.905; train->OOS corr +0.269 (weak persistence)
GBPUSD,ma_cross,"{""fast"": 5, ""slow"": 20}",-0.724,-42.46,-48.71,128,47.9,-0.317,-13.45,-23.71,69,48.7,258,0.514,0.905,-0.225,False,-0.407,NOISE,142,0.772,n/a,0.269,12.9,21,K=258 tried; control best-of-K OOS Sharpe 0.905; train->OOS corr +0.269 (weak persistence)
USDJPY,vol_break,"{""hold"": 5, ""k"": 2.0}",-0.038,-0.47,-3.42,7,40.8,-0.324,-2.88,-3.67,5,34.3,258,0.514,0.905,-0.225,False,0.286,NOISE,143,0.772,False,0.269,12.9,21,K=258 tried; control best-of-K OOS Sharpe 0.905; train->OOS corr +0.269 (weak persistence)
EURUSD,momentum,"{""hold"": 10, ""look"": 60}",-0.261,-16.74,-34.37,143,49.9,-0.325,-12.26,-19.5,78,47.7,258,0.514,0.905,-0.225,False,0.064,NOISE,144,0.772,n/a,0.269,12.9,21,K=258 tried; control best-of-K OOS Sharpe 0.905; train->OOS corr +0.269 (weak persistence)
EURUSD,vol_break,"{""hold"": 10, ""k"": 1.0}",-0.5,-22.3,-37.25,105,43.5,-0.337,-9.99,-14.51,64,43.1,258,0.514,0.905,-0.225,False,-0.163,NOISE,145,0.772,n/a,0.269,12.9,21,K=258 tried; control best-of-K OOS Sharpe 0.905; train->OOS corr +0.269 (weak persistence)
GBPUSD,momentum,"{""hold"": 10, ""look"": 60}",0.004,-2.95,-22.92,98,50.5,-0.337,-14.12,-26.4,82,49.4,258,0.514,0.905,-0.225,False,0.341,NOISE,145,0.772,n/a,0.269,12.9,21,K=258 tried; control best-of-K OOS Sharpe 0.905; train->OOS corr +0.269 (weak persistence)
GBPUSD,vol_break,"{""hold"": 3, ""k"": 1.0}",-0.377,-14.27,-20.68,141,39.3,-0.34,-7.76,-13.78,84,39.3,258,0.514,0.905,-0.225,False,-0.037,NOISE,147,0.772,n/a,0.269,12.9,21,K=258 tried; control best-of-K OOS Sharpe 0.905; train->OOS corr +0.269 (weak persistence)
GBPUSD,rsi_mr,"{""filt"": false, ""hold"": 3, ""lo"": 20, ""n"": 2}",-0.402,-25.56,-33.36,299,44.4,-0.351,-13.5,-17.48,175,46.0,258,0.514,0.905,-0.225,False,-0.051,NOISE,148,0.772,n/a,0.269,12.9,21,K=258 tried; control best-of-K OOS Sharpe 0.905; train->OOS corr +0.269 (weak persistence)
AUDUSD,momentum,"{""hold"": 5, ""look"": 10}",-0.587,-38.34,-52.29,285,48.0,-0.355,-18.14,-32.96,192,46.7,258,0.514,0.905,-0.225,False,-0.232,NOISE,149,0.772,n/a,0.269,12.9,21,K=258 tried; control best-of-K OOS Sharpe 0.905; train->OOS corr +0.269 (weak persistence)
GBPUSD,donchian,"{""n"": 80}",-0.594,-36.56,-42.41,10,49.8,-0.355,-14.74,-32.1,6,48.7,258,0.514,0.905,-0.225,False,-0.239,NOISE,149,0.772,n/a,0.269,12.9,21,K=258 tried; control best-of-K OOS Sharpe 0.905; train->OOS corr +0.269 (weak persistence)
USDJPY,momentum,"{""hold"": 20, ""look"": 120}",-0.361,-21.6,-37.44,80,49.4,-0.358,-17.43,-40.57,18,53.0,258,0.514,0.905,-0.225,False,-0.003,NOISE,151,0.772,False,0.269,12.9,21,K=258 tried; control best-of-K OOS Sharpe 0.905; train->OOS corr +0.269 (weak persistence)
AUDUSD,rsi_mr,"{""filt"": true, ""hold"": 3, ""lo"": 20, ""n"": 5}",0.296,10.22,-12.62,75,45.0,-0.359,-7.52,-15.29,45,39.7,258,0.514,0.905,-0.225,False,0.655,NOISE,152,0.772,n/a,0.269,12.9,21,K=258 tried; control best-of-K OOS Sharpe 0.905; train->OOS corr +0.269 (weak persistence)
GBPUSD,momentum,"{""hold"": 20, ""look"": 120}",0.112,4.88,-29.09,58,50.3,-0.36,-14.91,-32.06,69,50.0,258,0.514,0.905,-0.225,False,0.472,NOISE,153,0.772,n/a,0.269,12.9,21,K=258 tried; control best-of-K OOS Sharpe 0.905; train->OOS corr +0.269 (weak persistence)
GBPUSD,rsi_mr,"{""filt"": false, ""hold"": 5, ""lo"": 10, ""n"": 2}",-0.186,-14.13,-23.72,169,46.4,-0.366,-13.91,-18.13,100,46.3,258,0.514,0.905,-0.225,False,0.18,NOISE,154,0.772,n/a,0.269,12.9,21,K=258 tried; control best-of-K OOS Sharpe 0.905; train->OOS corr +0.269 (weak persistence)
USDJPY,rsi_mr,"{""filt"": false, ""hold"": 5, ""lo"": 20, ""n"": 14}",-0.279,-7.13,-15.65,26,46.4,-0.375,-7.97,-13.24,20,40.2,258,0.514,0.905,-0.225,False,0.096,NOISE,155,0.772,False,0.269,12.9,21,K=258 tried; control best-of-K OOS Sharpe 0.905; train->OOS corr +0.269 (weak persistence)
AUDUSD,ma_cross,"{""fast"": 20, ""slow"": 100}",-0.367,-26.67,-36.85,30,49.5,-0.383,-19.27,-27.51,16,48.2,258,0.514,0.905,-0.225,False,0.016,NOISE,156,0.772,n/a,0.269,12.9,21,K=258 tried; control best-of-K OOS Sharpe 0.905; train->OOS corr +0.269 (weak persistence)
AUDUSD,rsi_mr,"{""filt"": false, ""hold"": 3, ""lo"": 20, ""n"": 2}",-0.435,-27.64,-43.62,284,46.3,-0.391,-17.41,-22.92,183,45.7,258,0.514,0.905,-0.225,False,-0.044,NOISE,157,0.772,n/a,0.269,12.9,21,K=258 tried; control best-of-K OOS Sharpe 0.905; train->OOS corr +0.269 (weak persistence)
USDJPY,rsi_mr,"{""filt"": true, ""hold"": 5, ""lo"": 30, ""n"": 5}",-0.272,-12.45,-25.26,91,44.8,-0.402,-13.95,-29.84,55,46.8,258,0.514,0.905,-0.225,False,0.13,NOISE,158,0.772,False,0.269,12.9,21,K=258 tried; control best-of-K OOS Sharpe 0.905; train->OOS corr +0.269 (weak persistence)
EURUSD,rsi_mr,"{""filt"": true, ""hold"": 3, ""lo"": 30, ""n"": 5}",0.436,16.04,-7.53,104,48.5,-0.403,-7.99,-18.17,64,40.8,258,0.514,0.905,-0.225,False,0.839,NOISE,159,0.772,n/a,0.269,12.9,21,K=258 tried; control best-of-K OOS Sharpe 0.905; train->OOS corr +0.269 (weak persistence)
EURUSD,rsi_mr,"{""filt"": false, ""hold"": 3, ""lo"": 20, ""n"": 2}",-0.618,-29.77,-31.14,280,45.2,-0.416,-13.61,-19.14,168,44.8,258,0.514,0.905,-0.225,False,-0.202,NOISE,160,0.772,n/a,0.269,12.9,21,K=258 tried; control best-of-K OOS Sharpe 0.905; train->OOS corr +0.269 (weak persistence)
USDJPY,rsi_mr,"{""filt"": true, ""hold"": 3, ""lo"": 20, ""n"": 14}",0.456,2.41,-1.27,6,48.6,-0.417,-4.01,-6.47,6,45.2,258,0.514,0.905,-0.225,False,0.873,NOISE,161,0.772,False,0.269,12.9,21,K=258 tried; control best-of-K OOS Sharpe 0.905; train->OOS corr +0.269 (weak persistence)
EURUSD,rsi_mr,"{""filt"": false, ""hold"": 5, ""lo"": 30, ""n"": 5}",0.023,-0.87,-18.78,214,50.7,-0.426,-14.87,-22.26,119,48.0,258,0.514,0.905,-0.225,False,0.449,NOISE,162,0.772,n/a,0.269,12.9,21,K=258 tried; control best-of-K OOS Sharpe 0.905; train->OOS corr +0.269 (weak persistence)
AUDUSD,rsi_mr,"{""filt"": false, ""hold"": 5, ""lo"": 20, ""n"": 2}",-0.181,-15.0,-34.83,247,48.9,-0.428,-20.0,-24.96,162,46.7,258,0.514,0.905,-0.225,False,0.247,NOISE,163,0.772,n/a,0.269,12.9,21,K=258 tried; control best-of-K OOS Sharpe 0.905; train->OOS corr +0.269 (weak persistence)
EURUSD,momentum,"{""hold"": 20, ""look"": 60}",-0.332,-20.2,-37.08,143,49.0,-0.43,-15.53,-28.75,73,48.0,258,0.514,0.905,-0.225,False,0.098,NOISE,164,0.772,n/a,0.269,12.9,21,K=258 tried; control best-of-K OOS Sharpe 0.905; train->OOS corr +0.269 (weak persistence)
AUDUSD,ma_cross,"{""fast"": 5, ""slow"": 20}",0.044,-0.34,-32.54,114,49.6,-0.432,-21.19,-36.08,77,47.7,258,0.514,0.905,-0.225,False,0.476,NOISE,165,0.772,n/a,0.269,12.9,21,K=258 tried; control best-of-K OOS Sharpe 0.905; train->OOS corr +0.269 (weak persistence)
GBPUSD,ma_cross,"{""fast"": 50, ""slow"": 200}",-0.166,-13.68,-29.87,10,49.2,-0.434,-17.4,-34.05,9,48.8,258,0.514,0.905,-0.225,False,0.268,NOISE,166,0.772,n/a,0.269,12.9,21,K=258 tried; control best-of-K OOS Sharpe 0.905; train->OOS corr +0.269 (weak persistence)
AUDUSD,rsi_mr,"{""filt"": true, ""hold"": 3, ""lo"": 30, ""n"": 2}",-0.193,-10.68,-20.56,131,44.8,-0.447,-16.29,-21.47,85,41.7,258,0.514,0.905,-0.225,False,0.254,NOISE,167,0.772,n/a,0.269,12.9,21,K=258 tried; control best-of-K OOS Sharpe 0.905; train->OOS corr +0.269 (weak persistence)
AUDUSD,rsi_mr,"{""filt"": true, ""hold"": 5, ""lo"": 30, ""n"": 5}",-0.079,-5.41,-17.12,74,46.5,-0.447,-14.1,-25.68,58,43.2,258,0.514,0.905,-0.225,False,0.368,NOISE,167,0.772,n/a,0.269,12.9,21,K=258 tried; control best-of-K OOS Sharpe 0.905; train->OOS corr +0.269 (weak persistence)
EURUSD,momentum,"{""hold"": 5, ""look"": 20}",-0.489,-27.71,-36.54,201,48.6,-0.449,-16.11,-19.55,93,46.7,258,0.514,0.905,-0.225,False,-0.04,NOISE,169,0.772,n/a,0.269,12.9,21,K=258 tried; control best-of-K OOS Sharpe 0.905; train->OOS corr +0.269 (weak persistence)
EURUSD,vol_break,"{""hold"": 5, ""k"": 1.0}",-0.443,-16.53,-24.72,119,41.0,-0.454,-10.91,-17.7,74,39.4,258,0.514,0.905,-0.225,False,0.011,NOISE,170,0.772,n/a,0.269,12.9,21,K=258 tried; control best-of-K OOS Sharpe 0.905; train->OOS corr +0.269 (weak persistence)
USDJPY,rsi_mr,"{""filt"": true, ""hold"": 3, ""lo"": 20, ""n"": 5}",-0.28,-9.12,-18.97,76,41.2,-0.457,-11.94,-20.35,48,43.1,258,0.514,0.905,-0.225,False,0.177,NOISE,171,0.772,False,0.269,12.9,21,K=258 tried; control best-of-K OOS Sharpe 0.905; train->OOS corr +0.269 (weak persistence)
EURUSD,rsi_mr,"{""filt"": true, ""hold"": 5, ""lo"": 30, ""n"": 2}",-0.051,-3.58,-13.97,94,46.6,-0.464,-13.88,-23.29,57,44.5,258,0.514,0.905,-0.225,False,0.413,NOISE,172,0.772,n/a,0.269,12.9,21,K=258 tried; control best-of-K OOS Sharpe 0.905; train->OOS corr +0.269 (weak persistence)
EURUSD,rsi_mr,"{""filt"": false, ""hold"": 3, ""lo"": 10, ""n"": 2}",-0.483,-22.82,-23.79,223,43.9,-0.477,-14.55,-19.27,127,42.7,258,0.514,0.905,-0.225,False,-0.006,NOISE,173,0.772,n/a,0.269,12.9,21,K=258 tried; control best-of-K OOS Sharpe 0.905; train->OOS corr +0.269 (weak persistence)
USDJPY,rsi_mr,"{""filt"": false, ""hold"": 3, ""lo"": 30, ""n"": 14}",-0.069,-3.84,-17.36,80,46.1,-0.481,-14.88,-22.74,53,41.7,258,0.514,0.905,-0.225,False,0.412,NOISE,174,0.772,False,0.269,12.9,21,K=258 tried; control best-of-K OOS Sharpe 0.905; train->OOS corr +0.269 (weak persistence)
EURUSD,rsi_mr,"{""filt"": true, ""hold"": 3, ""lo"": 20, ""n"": 5}",-0.101,-3.35,-7.81,75,45.8,-0.481,-7.3,-14.11,43,39.7,258,0.514,0.905,-0.225,False,0.38,NOISE,174,0.772,n/a,0.269,12.9,21,K=258 tried; control best-of-K OOS Sharpe 0.905; train->OOS corr +0.269 (weak persistence)
USDJPY,rsi_mr,"{""filt"": false, ""hold"": 5, ""lo"": 30, ""n"": 14}",-0.06,-3.82,-19.66,68,46.4,-0.487,-16.59,-23.09,49,42.5,258,0.514,0.905,-0.225,False,0.427,NOISE,176,0.772,False,0.269,12.9,21,K=258 tried; control best-of-K OOS Sharpe 0.905; train->OOS corr +0.269 (weak persistence)
EURUSD,rsi_mr,"{""filt"": true, ""hold"": 5, ""lo"": 10, ""n"": 2}",-0.169,-6.44,-13.84,70,45.5,-0.493,-11.61,-18.6,41,42.1,258,0.514,0.905,-0.225,False,0.324,NOISE,177,0.772,n/a,0.269,12.9,21,K=258 tried; control best-of-K OOS Sharpe 0.905; train->OOS corr +0.269 (weak persistence)
GBPUSD,rsi_mr,"{""filt"": true, ""hold"": 5, ""lo"": 30, ""n"": 2}",-0.392,-21.98,-32.74,89,45.1,-0.499,-15.16,-19.53,68,45.8,258,0.514,0.905,-0.225,False,0.107,NOISE,178,0.772,n/a,0.269,12.9,21,K=258 tried; control best-of-K OOS Sharpe 0.905; train->OOS corr +0.269 (weak persistence)
GBPUSD,rsi_mr,"{""filt"": false, ""hold"": 3, ""lo"": 30, ""n"": 5}",-0.295,-20.45,-28.43,235,47.3,-0.504,-18.1,-21.3,134,45.5,258,0.514,0.905,-0.225,False,0.209,NOISE,179,0.772,n/a,0.269,12.9,21,K=258 tried; control best-of-K OOS Sharpe 0.905; train->OOS corr +0.269 (weak persistence)
EURUSD,rsi_mr,"{""filt"": false, ""hold"": 5, ""lo"": 20, ""n"": 5}",-0.251,-13.94,-20.29,175,48.2,-0.507,-15.4,-22.04,101,46.3,258,0.514,0.905,-0.225,False,0.256,NOISE,180,0.772,n/a,0.269,12.9,21,K=258 tried; control best-of-K OOS Sharpe 0.905; train->OOS corr +0.269 (weak persistence)
GBPUSD,rsi_mr,"{""filt"": true, ""hold"": 5, ""lo"": 20, ""n"": 5}",-0.338,-14.45,-19.04,65,44.0,-0.512,-10.73,-12.8,43,41.8,258,0.514,0.905,-0.225,False,0.174,NOISE,181,0.772,n/a,0.269,12.9,21,K=258 tried; control best-of-K OOS Sharpe 0.905; train->OOS corr +0.269 (weak persistence)
GBPUSD,rsi_mr,"{""filt"": true, ""hold"": 3, ""lo"": 30, ""n"": 5}",-0.2,-9.99,-23.68,101,44.2,-0.512,-11.71,-18.84,60,41.1,258,0.514,0.905,-0.225,False,0.312,NOISE,181,0.772,n/a,0.269,12.9,21,K=258 tried; control best-of-K OOS Sharpe 0.905; train->OOS corr +0.269 (weak persistence)
AUDUSD,ma_cross,"{""fast"": 10, ""slow"": 100}",-0.216,-17.9,-32.33,34,50.1,-0.514,-24.32,-32.8,20,48.3,258,0.514,0.905,-0.225,False,0.298,NOISE,183,0.772,n/a,0.269,12.9,21,K=258 tried; control best-of-K OOS Sharpe 0.905; train->OOS corr +0.269 (weak persistence)
USDJPY,rsi_mr,"{""filt"": true, ""hold"": 5, ""lo"": 20, ""n"": 5}",-0.341,-12.61,-24.25,69,43.6,-0.526,-14.72,-25.2,44,44.9,258,0.514,0.905,-0.225,False,0.185,NOISE,184,0.772,False,0.269,12.9,21,K=258 tried; control best-of-K OOS Sharpe 0.905; train->OOS corr +0.269 (weak persistence)
EURUSD,rsi_mr,"{""filt"": true, ""hold"": 3, ""lo"": 20, ""n"": 2}",-0.307,-11.44,-17.72,110,42.9,-0.529,-12.1,-15.69,72,40.2,258,0.514,0.905,-0.225,False,0.222,NOISE,185,0.772,n/a,0.269,12.9,21,K=258 tried; control best-of-K OOS Sharpe 0.905; train->OOS corr +0.269 (weak persistence)
GBPUSD,rsi_mr,"{""filt"": true, ""hold"": 5, ""lo"": 20, ""n"": 2}",-0.303,-16.27,-32.21,74,45.8,-0.53,-14.43,-20.53,61,44.7,258,0.514,0.905,-0.225,False,0.227,NOISE,186,0.772,n/a,0.269,12.9,21,K=258 tried; control best-of-K OOS Sharpe 0.905; train->OOS corr +0.269 (weak persistence)
USDJPY,rsi_mr,"{""filt"": false, ""hold"": 3, ""lo"": 20, ""n"": 14}",-0.324,-7.23,-14.33,26,44.5,-0.532,-9.97,-12.87,20,40.0,258,0.514,0.905,-0.225,False,0.208,NOISE,187,0.772,False,0.269,12.9,21,K=258 tried; control best-of-K OOS Sharpe 0.905; train->OOS corr +0.269 (weak persistence)
EURUSD,rsi_mr,"{""filt"": false, ""hold"": 3, ""lo"": 30, ""n"": 5}",-0.161,-10.56,-19.82,235,48.7,-0.539,-17.15,-23.89,137,45.8,258,0.514,0.905,-0.225,False,0.378,NOISE,188,0.772,n/a,0.269,12.9,21,K=258 tried; control best-of-K OOS Sharpe 0.905; train->OOS corr +0.269 (weak persistence)
EURUSD,ma_cross,"{""fast"": 50, ""slow"": 200}",-0.242,-14.83,-25.58,10,50.2,-0.54,-18.81,-33.81,8,48.5,258,0.514,0.905,-0.225,False,0.298,NOISE,189,0.772,n/a,0.269,12.9,21,K=258 tried; control best-of-K OOS Sharpe 0.905; train->OOS corr +0.269 (weak persistence)
GBPUSD,momentum,"{""hold"": 5, ""look"": 10}",-0.718,-42.19,-54.98,303,47.5,-0.541,-20.85,-25.59,157,46.2,258,0.514,0.905,-0.225,False,-0.177,NOISE,190,0.772,n/a,0.269,12.9,21,K=258 tried; control best-of-K OOS Sharpe 0.905; train->OOS corr +0.269 (weak persistence)
GBPUSD,donchian,"{""n"": 55}",-0.39,-26.8,-37.99,12,49.5,-0.545,-20.96,-37.05,8,48.5,258,0.514,0.905,-0.225,False,0.155,NOISE,191,0.772,n/a,0.269,12.9,21,K=258 tried; control best-of-K OOS Sharpe 0.905; train->OOS corr +0.269 (weak persistence)
GBPUSD,momentum,"{""hold"": 5, ""look"": 120}",-0.275,-20.3,-38.35,58,48.9,-0.549,-21.12,-36.8,70,47.6,258,0.514,0.905,-0.225,False,0.274,NOISE,192,0.772,n/a,0.269,12.9,21,K=258 tried; control best-of-K OOS Sharpe 0.905; train->OOS corr +0.269 (weak persistence)
AUDUSD,rsi_mr,"{""filt"": true, ""hold"": 5, ""lo"": 10, ""n"": 5}",0.338,8.3,-4.09,35,47.2,-0.55,-7.71,-14.43,20,36.8,258,0.514,0.905,-0.225,False,0.888,NOISE,193,0.772,n/a,0.269,12.9,21,K=258 tried; control best-of-K OOS Sharpe 0.905; train->OOS corr +0.269 (weak persistence)
GBPUSD,momentum,"{""hold"": 10, ""look"": 10}",-0.385,-26.52,-36.03,301,49.0,-0.551,-21.16,-28.48,158,47.5,258,0.514,0.905,-0.225,False,0.166,NOISE,194,0.772,n/a,0.269,12.9,21,K=258 tried; control best-of-K OOS Sharpe 0.905; train->OOS corr +0.269 (weak persistence)
EURUSD,vol_break,"{""hold"": 10, ""k"": 1.5}",-0.035,-1.64,-15.67,35,43.2,-0.557,-8.33,-11.69,17,42.2,258,0.514,0.905,-0.225,False,0.522,NOISE,195,0.772,n/a,0.269,12.9,21,K=258 tried; control best-of-K OOS Sharpe 0.905; train->OOS corr +0.269 (weak persistence)
EURUSD,rsi_mr,"{""filt"": true, ""hold"": 3, ""lo"": 10, ""n"": 2}",-0.35,-10.48,-13.32,90,41.7,-0.559,-11.65,-15.68,58,39.1,258,0.514,0.905,-0.225,False,0.209,NOISE,196,0.772,n/a,0.269,12.9,21,K=258 tried; control best-of-K OOS Sharpe 0.905; train->OOS corr +0.269 (weak persistence)
GBPUSD,rsi_mr,"{""filt"": false, ""hold"": 5, ""lo"": 30, ""n"": 2}",-0.657,-39.09,-45.17,319,46.6,-0.562,-21.15,-25.56,193,49.0,258,0.514,0.905,-0.225,False,-0.095,NOISE,197,0.772,n/a,0.269,12.9,21,K=258 tried; control best-of-K OOS Sharpe 0.905; train->OOS corr +0.269 (weak persistence)
USDJPY,rsi_mr,"{""filt"": false, ""hold"": 5, ""lo"": 30, ""n"": 5}",-0.129,-10.01,-19.52,218,49.3,-0.568,-24.37,-39.31,111,45.9,258,0.514,0.905,-0.225,False,0.439,NOISE,198,0.772,False,0.269,12.9,21,K=258 tried; control best-of-K OOS Sharpe 0.905; train->OOS corr +0.269 (weak persistence)
GBPUSD,rsi_mr,"{""filt"": false, ""hold"": 5, ""lo"": 30, ""n"": 5}",-0.092,-9.05,-21.8,207,50.0,-0.578,-21.12,-25.12,119,46.9,258,0.514,0.905,-0.225,False,0.486,NOISE,199,0.772,n/a,0.269,12.9,21,K=258 tried; control best-of-K OOS Sharpe 0.905; train->OOS corr +0.269 (weak persistence)
GBPUSD,momentum,"{""hold"": 20, ""look"": 60}",-0.246,-18.78,-36.84,98,50.6,-0.591,-22.42,-37.41,77,48.5,258,0.514,0.905,-0.225,False,0.345,NOISE,200,0.772,n/a,0.269,12.9,21,K=258 tried; control best-of-K OOS Sharpe 0.905; train->OOS corr +0.269 (weak persistence)
AUDUSD,rsi_mr,"{""filt"": true, ""hold"": 3, ""lo"": 10, ""n"": 5}",0.218,4.61,-7.41,37,44.0,-0.601,-6.68,-11.75,20,35.0,258,0.514,0.905,-0.225,False,0.819,NOISE,201,0.772,n/a,0.269,12.9,21,K=258 tried; control best-of-K OOS Sharpe 0.905; train->OOS corr +0.269 (weak persistence)
AUDUSD,momentum,"{""hold"": 20, ""look"": 20}",-0.181,-15.98,-31.14,194,48.9,-0.602,-27.48,-29.22,130,48.2,258,0.514,0.905,-0.225,False,0.421,NOISE,202,0.772,n/a,0.269,12.9,21,K=258 tried; control best-of-K OOS Sharpe 0.905; train->OOS corr +0.269 (weak persistence)
EURUSD,momentum,"{""hold"": 20, ""look"": 120}",-0.02,-3.41,-22.6,44,50.6,-0.608,-20.75,-32.26,47,48.7,258,0.514,0.905,-0.225,False,0.588,NOISE,203,0.772,n/a,0.269,12.9,21,K=258 tried; control best-of-K OOS Sharpe 0.905; train->OOS corr +0.269 (weak persistence)
EURUSD,vol_break,"{""hold"": 3, ""k"": 1.0}",-0.559,-17.2,-22.36,127,37.7,-0.612,-11.97,-15.1,81,36.7,258,0.514,0.905,-0.225,False,0.053,NOISE,204,0.772,n/a,0.269,12.9,21,K=258 tried; control best-of-K OOS Sharpe 0.905; train->OOS corr +0.269 (weak persistence)
GBPUSD,rsi_mr,"{""filt"": false, ""hold"": 3, ""lo"": 10, ""n"": 2}",-0.326,-20.18,-28.89,230,43.5,-0.613,-19.93,-20.14,126,43.7,258,0.514,0.905,-0.225,False,0.287,NOISE,205,0.772,n/a,0.269,12.9,21,K=258 tried; control best-of-K OOS Sharpe 0.905; train->OOS corr +0.269 (weak persistence)
AUDUSD,momentum,"{""hold"": 10, ""look"": 10}",-0.343,-25.72,-30.23,285,49.7,-0.616,-28.04,-34.11,192,47.5,258,0.514,0.905,-0.225,False,0.273,NOISE,206,0.772,n/a,0.269,12.9,21,K=258 tried; control best-of-K OOS Sharpe 0.905; train->OOS corr +0.269 (weak persistence)
AUDUSD,momentum,"{""hold"": 10, ""look"": 120}",0.145,7.51,-22.68,86,50.6,-0.621,-28.19,-38.57,73,48.4,258,0.514,0.905,-0.225,False,0.766,NOISE,207,0.772,n/a,0.269,12.9,21,K=258 tried; control best-of-K OOS Sharpe 0.905; train->OOS corr +0.269 (weak persistence)
EURUSD,rsi_mr,"{""filt"": false, ""hold"": 3, ""lo"": 20, ""n"": 5}",-0.353,-17.09,-20.29,191,45.8,-0.622,-16.49,-21.3,112,43.4,258,0.514,0.905,-0.225,False,0.269,NOISE,208,0.772,n/a,0.269,12.9,21,K=258 tried; control best-of-K OOS Sharpe 0.905; train->OOS corr +0.269 (weak persistence)
USDJPY,rsi_mr,"{""filt"": false, ""hold"": 5, ""lo"": 10, ""n"": 5}",0.091,2.81,-15.37,102,45.4,-0.628,-18.51,-25.72,56,41.9,258,0.514,0.905,-0.225,False,0.719,NOISE,209,0.772,False,0.269,12.9,21,K=258 tried; control best-of-K OOS Sharpe 0.905; train->OOS corr +0.269 (weak persistence)
GBPUSD,rsi_mr,"{""filt"": false, ""hold"": 3, ""lo"": 30, ""n"": 2}",-0.709,-40.48,-46.51,355,45.0,-0.637,-22.79,-26.09,210,47.2,258,0.514,0.905,-0.225,False,-0.072,NOISE,210,0.772,n/a,0.269,12.9,21,K=258 tried; control best-of-K OOS Sharpe 0.905; train->OOS corr +0.269 (weak persistence)
AUDUSD,momentum,"{""hold"": 5, ""look"": 20}",-0.354,-26.3,-35.87,195,49.1,-0.638,-28.77,-34.99,129,48.1,258,0.514,0.905,-0.225,False,0.284,NOISE,211,0.772,n/a,0.269,12.9,21,K=258 tried; control best-of-K OOS Sharpe 0.905; train->OOS corr +0.269 (weak persistence)
AUDUSD,rsi_mr,"{""filt"": true, ""hold"": 5, ""lo"": 30, ""n"": 2}",-0.037,-4.03,-22.42,102,47.0,-0.639,-23.95,-28.82,69,43.8,258,0.514,0.905,-0.225,False,0.602,NOISE,212,0.772,n/a,0.269,12.9,21,K=258 tried; control best-of-K OOS Sharpe 0.905; train->OOS corr +0.269 (weak persistence)
GBPUSD,rsi_mr,"{""filt"": true, ""hold"": 5, ""lo"": 30, ""n"": 5}",-0.375,-18.72,-25.42,86,45.8,-0.64,-16.41,-21.41,52,43.4,258,0.514,0.905,-0.225,False,0.265,NOISE,213,0.772,n/a,0.269,12.9,21,K=258 tried; control best-of-K OOS Sharpe 0.905; train->OOS corr +0.269 (weak persistence)
GBPUSD,momentum,"{""hold"": 10, ""look"": 120}",0.084,2.78,-21.55,58,50.0,-0.657,-24.44,-38.85,70,47.8,258,0.514,0.905,-0.225,False,0.741,NOISE,214,0.772,n/a,0.269,12.9,21,K=258 tried; control best-of-K OOS Sharpe 0.905; train->OOS corr +0.269 (weak persistence)
AUDUSD,rsi_mr,"{""filt"": true, ""hold"": 3, ""lo"": 10, ""n"": 2}",-0.19,-7.19,-10.28,77,44.6,-0.662,-15.61,-19.97,60,41.0,258,0.514,0.905,-0.225,False,0.472,NOISE,215,0.772,n/a,0.269,12.9,21,K=258 tried; control best-of-K OOS Sharpe 0.905; train->OOS corr +0.269 (weak persistence)
EURUSD,momentum,"{""hold"": 20, ""look"": 20}",0.032,-0.43,-29.13,200,49.4,-0.666,-22.39,-26.81,92,46.5,258,0.514,0.905,-0.225,False,0.698,NOISE,216,0.772,n/a,0.269,12.9,21,K=258 tried; control best-of-K OOS Sharpe 0.905; train->OOS corr +0.269 (weak persistence)
GBPUSD,rsi_mr,"{""filt"": true, ""hold"": 5, ""lo"": 10, ""n"": 2}",-0.332,-15.74,-27.34,67,44.3,-0.668,-16.09,-20.51,56,44.4,258,0.514,0.905,-0.225,False,0.336,NOISE,217,0.772,n/a,0.269,12.9,21,K=258 tried; control best-of-K OOS Sharpe 0.905; train->OOS corr +0.269 (weak persistence)
AUDUSD,momentum,"{""hold"": 5, ""look"": 60}",-0.195,-16.84,-32.93,108,49.1,-0.677,-30.15,-40.28,78,47.6,258,0.514,0.905,-0.225,False,0.482,NOISE,218,0.772,n/a,0.269,12.9,21,K=258 tried; control best-of-K OOS Sharpe 0.905; train->OOS corr +0.269 (weak persistence)
AUDUSD,momentum,"{""hold"": 10, ""look"": 60}",-0.397,-28.62,-38.01,107,49.2,-0.677,-30.13,-40.63,79,48.7,258,0.514,0.905,-0.225,False,0.28,NOISE,218,0.772,n/a,0.269,12.9,21,K=258 tried; control best-of-K OOS Sharpe 0.905; train->OOS corr +0.269 (weak persistence)
USDJPY,vol_break,"{""hold"": 3, ""k"": 1.0}",-0.313,-11.59,-17.26,153,40.8,-0.682,-17.34,-21.57,79,38.9,258,0.514,0.905,-0.225,False,0.369,NOISE,220,0.772,False,0.269,12.9,21,K=258 tried; control best-of-K OOS Sharpe 0.905; train->OOS corr +0.269 (weak persistence)
AUDUSD,rsi_mr,"{""filt"": true, ""hold"": 3, ""lo"": 20, ""n"": 2}",-0.011,-1.66,-17.88,105,45.3,-0.684,-17.92,-23.52,74,40.5,258,0.514,0.905,-0.225,False,0.673,NOISE,221,0.772,n/a,0.269,12.9,21,K=258 tried; control best-of-K OOS Sharpe 0.905; train->OOS corr +0.269 (weak persistence)
EURUSD,momentum,"{""hold"": 10, ""look"": 120}",0.165,7.89,-18.53,44,51.4,-0.693,-23.14,-35.24,47,46.6,258,0.514,0.905,-0.225,False,0.858,NOISE,222,0.772,n/a,0.269,12.9,21,K=258 tried; control best-of-K OOS Sharpe 0.905; train->OOS corr +0.269 (weak persistence)
EURUSD,rsi_mr,"{""filt"": true, ""hold"": 5, ""lo"": 20, ""n"": 2}",-0.196,-8.78,-17.69,85,45.7,-0.703,-17.78,-22.22,49,42.8,258,0.514,0.905,-0.225,False,0.507,NOISE,223,0.772,n/a,0.269,12.9,21,K=258 tried; control best-of-K OOS Sharpe 0.905; train->OOS corr +0.269 (weak persistence)
AUDUSD,vol_break,"{""hold"": 10, ""k"": 1.0}",-0.116,-8.64,-19.33,110,46.1,-0.718,-24.67,-28.73,72,44.9,258,0.514,0.905,-0.225,False,0.602,NOISE,224,0.772,n/a,0.269,12.9,21,K=258 tried; control best-of-K OOS Sharpe 0.905; train->OOS corr +0.269 (weak persistence)
USDJPY,vol_break,"{""hold"": 5, ""k"": 1.0}",-0.55,-22.43,-27.28,142,42.4,-0.718,-20.41,-23.29,77,41.5,258,0.514,0.905,-0.225,False,0.168,NOISE,224,0.772,False,0.269,12.9,21,K=258 tried; control best-of-K OOS Sharpe 0.905; train->OOS corr +0.269 (weak persistence)
EURUSD,donchian,"{""n"": 10}",-0.734,-37.79,-53.02,54,47.2,-0.725,-24.04,-37.29,36,45.3,258,0.514,0.905,-0.225,False,-0.009,NOISE,226,0.772,n/a,0.269,12.9,21,K=258 tried; control best-of-K OOS Sharpe 0.905; train->OOS corr +0.269 (weak persistence)
USDJPY,rsi_mr,"{""filt"": false, ""hold"": 3, ""lo"": 30, ""n"": 5}",-0.128,-9.37,-18.56,248,47.8,-0.734,-28.68,-41.57,129,44.1,258,0.514,0.905,-0.225,False,0.606,NOISE,227,0.772,False,0.269,12.9,21,K=258 tried; control best-of-K OOS Sharpe 0.905; train->OOS corr +0.269 (weak persistence)
AUDUSD,ma_cross,"{""fast"": 10, ""slow"": 50}",-0.266,-21.19,-42.41,52,48.8,-0.76,-32.9,-36.8,34,46.7,258,0.514,0.905,-0.225,False,0.494,NOISE,228,0.772,n/a,0.269,12.9,21,K=258 tried; control best-of-K OOS Sharpe 0.905; train->OOS corr +0.269 (weak persistence)
GBPUSD,rsi_mr,"{""filt"": true, ""hold"": 3, ""lo"": 20, ""n"": 2}",-0.053,-3.82,-23.34,114,43.9,-0.763,-17.7,-21.45,77,42.0,258,0.514,0.905,-0.225,False,0.71,NOISE,229,0.772,n/a,0.269,12.9,21,K=258 tried; control best-of-K OOS Sharpe 0.905; train->OOS corr +0.269 (weak persistence)
AUDUSD,vol_break,"{""hold"": 10, ""k"": 1.5}",-0.387,-10.71,-11.46,18,43.1,-0.787,-9.81,-12.0,8,39.6,258,0.514,0.905,-0.225,False,0.4,NOISE,230,0.772,n/a,0.269,12.9,21,K=258 tried; control best-of-K OOS Sharpe 0.905; train->OOS corr +0.269 (weak persistence)
GBPUSD,rsi_mr,"{""filt"": true, ""hold"": 3, ""lo"": 10, ""n"": 2}",-0.093,-4.84,-18.51,96,42.3,-0.794,-16.57,-20.2,71,41.8,258,0.514,0.905,-0.225,False,0.701,NOISE,231,0.772,n/a,0.269,12.9,21,K=258 tried; control best-of-K OOS Sharpe 0.905; train->OOS corr +0.269 (weak persistence)
GBPUSD,rsi_mr,"{""filt"": true, ""hold"": 3, ""lo"": 30, ""n"": 2}",-0.118,-7.63,-22.78,132,43.5,-0.827,-20.78,-22.1,87,42.9,258,0.514,0.905,-0.225,False,0.709,NOISE,232,0.772,n/a,0.269,12.9,21,K=258 tried; control best-of-K OOS Sharpe 0.905; train->OOS corr +0.269 (weak persistence)
AUDUSD,vol_break,"{""hold"": 3, ""k"": 1.0}",-0.039,-2.54,-11.56,131,40.9,-0.833,-20.25,-25.03,84,39.3,258,0.514,0.905,-0.225,False,0.794,NOISE,233,0.772,n/a,0.269,12.9,21,K=258 tried; control best-of-K OOS Sharpe 0.905; train->OOS corr +0.269 (weak persistence)
USDJPY,vol_break,"{""hold"": 3, ""k"": 0.5}",-0.473,-26.22,-33.0,436,44.6,-0.857,-32.78,-39.32,247,45.0,258,0.514,0.905,-0.225,False,0.384,NOISE,234,0.772,False,0.269,12.9,21,K=258 tried; control best-of-K OOS Sharpe 0.905; train->OOS corr +0.269 (weak persistence)
AUDUSD,vol_break,"{""hold"": 3, ""k"": 1.5}",0.395,7.43,-3.93,18,45.6,-0.88,-8.5,-9.38,8,30.0,258,0.514,0.905,-0.225,False,1.275,NOISE,235,0.772,n/a,0.269,12.9,21,K=258 tried; control best-of-K OOS Sharpe 0.905; train->OOS corr +0.269 (weak persistence)
AUDUSD,rsi_mr,"{""filt"": true, ""hold"": 5, ""lo"": 10, ""n"": 2}",0.013,-0.5,-9.31,63,47.6,-0.884,-22.37,-26.04,47,43.0,258,0.514,0.905,-0.225,False,0.897,NOISE,236,0.772,n/a,0.269,12.9,21,K=258 tried; control best-of-K OOS Sharpe 0.905; train->OOS corr +0.269 (weak persistence)
AUDUSD,vol_break,"{""hold"": 5, ""k"": 1.5}",0.127,2.4,-6.07,18,45.8,-0.888,-9.42,-10.91,8,35.7,258,0.514,0.905,-0.225,False,1.015,NOISE,237,0.772,n/a,0.269,12.9,21,K=258 tried; control best-of-K OOS Sharpe 0.905; train->OOS corr +0.269 (weak persistence)
USDJPY,vol_break,"{""hold"": 10, ""k"": 0.5}",-0.583,-32.71,-39.87,394,46.0,-0.89,-35.6,-42.1,220,47.8,258,0.514,0.905,-0.225,False,0.307,NOISE,238,0.772,False,0.269,12.9,21,K=258 tried; control best-of-K OOS Sharpe 0.905; train->OOS corr +0.269 (weak persistence)
AUDUSD,rsi_mr,"{""filt"": true, ""hold"": 5, ""lo"": 20, ""n"": 2}",0.073,2.08,-16.04,81,47.7,-0.894,-25.24,-29.48,57,42.6,258,0.514,0.905,-0.225,False,0.967,NOISE,239,0.772,n/a,0.269,12.9,21,K=258 tried; control best-of-K OOS Sharpe 0.905; train->OOS corr +0.269 (weak persistence)
AUDUSD,donchian,"{""n"": 10}",-0.114,-11.54,-40.28,44,50.1,-0.901,-37.37,-40.51,40,47.6,258,0.514,0.905,-0.225,False,0.787,NOISE,240,0.772,n/a,0.269,12.9,21,K=258 tried; control best-of-K OOS Sharpe 0.905; train->OOS corr +0.269 (weak persistence)
AUDUSD,donchian,"{""n"": 55}",-0.748,-45.18,-59.61,18,48.0,-0.938,-38.51,-44.12,12,47.4,258,0.514,0.905,-0.225,False,0.19,NOISE,241,0.772,n/a,0.269,12.9,21,K=258 tried; control best-of-K OOS Sharpe 0.905; train->OOS corr +0.269 (weak persistence)
USDJPY,vol_break,"{""hold"": 5, ""k"": 0.5}",-0.575,-31.78,-39.3,412,45.2,-0.963,-36.92,-43.46,234,46.4,258,0.514,0.905,-0.225,False,0.388,NOISE,242,0.772,False,0.269,12.9,21,K=258 tried; control best-of-K OOS Sharpe 0.905; train->OOS corr +0.269 (weak persistence)
AUDUSD,vol_break,"{""hold"": 10, ""k"": 0.5}",-0.707,-43.66,-53.13,385,46.9,-0.972,-39.48,-45.27,221,48.1,258,0.514,0.905,-0.225,False,0.265,NOISE,243,0.772,n/a,0.269,12.9,21,K=258 tried; control best-of-K OOS Sharpe 0.905; train->OOS corr +0.269 (weak persistence)
AUDUSD,vol_break,"{""hold"": 5, ""k"": 0.5}",-0.705,-42.88,-51.54,402,46.1,-0.978,-38.66,-43.46,235,46.9,258,0.514,0.905,-0.225,False,0.273,NOISE,244,0.772,n/a,0.269,12.9,21,K=258 tried; control best-of-K OOS Sharpe 0.905; train->OOS corr +0.269 (weak persistence)
USDJPY,rsi_mr,"{""filt"": false, ""hold"": 3, ""lo"": 20, ""n"": 5}",-0.414,-20.83,-27.48,194,44.0,-1.019,-33.34,-40.13,112,41.1,258,0.514,0.905,-0.225,False,0.605,NOISE,245,0.772,False,0.269,12.9,21,K=258 tried; control best-of-K OOS Sharpe 0.905; train->OOS corr +0.269 (weak persistence)
AUDUSD,vol_break,"{""hold"": 5, ""k"": 1.0}",-0.051,-3.66,-13.49,124,44.1,-1.022,-27.02,-31.59,84,41.7,258,0.514,0.905,-0.225,False,0.971,NOISE,246,0.772,n/a,0.269,12.9,21,K=258 tried; control best-of-K OOS Sharpe 0.905; train->OOS corr +0.269 (weak persistence)
AUDUSD,donchian,"{""n"": 40}",-0.556,-36.63,-52.95,20,48.3,-1.046,-41.68,-46.45,16,46.8,258,0.514,0.905,-0.225,False,0.49,NOISE,247,0.772,n/a,0.269,12.9,21,K=258 tried; control best-of-K OOS Sharpe 0.905; train->OOS corr +0.269 (weak persistence)
USDJPY,rsi_mr,"{""filt"": false, ""hold"": 5, ""lo"": 20, ""n"": 5}",-0.222,-13.66,-22.31,173,47.3,-1.072,-36.67,-44.45,97,43.4,258,0.514,0.905,-0.225,False,0.85,NOISE,248,0.772,False,0.269,12.9,21,K=258 tried; control best-of-K OOS Sharpe 0.905; train->OOS corr +0.269 (weak persistence)
AUDUSD,vol_break,"{""hold"": 3, ""k"": 0.5}",-0.694,-40.86,-48.88,438,44.2,-1.097,-40.37,-44.49,256,44.8,258,0.514,0.905,-0.225,False,0.403,NOISE,249,0.772,n/a,0.269,12.9,21,K=258 tried; control best-of-K OOS Sharpe 0.905; train->OOS corr +0.269 (weak persistence)
AUDUSD,donchian,"{""n"": 80}",-0.328,-24.63,-42.76,10,50.1,-1.125,-43.89,-49.44,11,46.9,258,0.514,0.905,-0.225,False,0.797,NOISE,250,0.772,n/a,0.269,12.9,21,K=258 tried; control best-of-K OOS Sharpe 0.905; train->OOS corr +0.269 (weak persistence)
EURUSD,vol_break,"{""hold"": 10, ""k"": 0.5}",-0.711,-36.94,-38.71,382,47.1,-1.153,-34.75,-37.96,222,46.2,258,0.514,0.905,-0.225,False,0.442,NOISE,251,0.772,n/a,0.269,12.9,21,K=258 tried; control best-of-K OOS Sharpe 0.905; train->OOS corr +0.269 (weak persistence)
AUDUSD,ma_cross,"{""fast"": 20, ""slow"": 50}",-0.266,-21.2,-38.83,42,49.0,-1.168,-45.05,-46.76,30,46.8,258,0.514,0.905,-0.225,False,0.902,NOISE,252,0.772,n/a,0.269,12.9,21,K=258 tried; control best-of-K OOS Sharpe 0.905; train->OOS corr +0.269 (weak persistence)
EURUSD,vol_break,"{""hold"": 5, ""k"": 0.5}",-0.636,-33.31,-37.43,397,46.3,-1.197,-34.99,-38.52,235,45.0,258,0.514,0.905,-0.225,False,0.561,NOISE,253,0.772,n/a,0.269,12.9,21,K=258 tried; control best-of-K OOS Sharpe 0.905; train->OOS corr +0.269 (weak persistence)
EURUSD,vol_break,"{""hold"": 3, ""k"": 0.5}",-0.659,-32.65,-36.95,433,44.2,-1.232,-34.16,-37.58,261,42.0,258,0.514,0.905,-0.225,False,0.573,NOISE,254,0.772,n/a,0.269,12.9,21,K=258 tried; control best-of-K OOS Sharpe 0.905; train->OOS corr +0.269 (weak persistence)
GBPUSD,vol_break,"{""hold"": 5, ""k"": 0.5}",-0.548,-33.86,-38.41,369,46.2,-1.233,-39.07,-41.12,245,46.0,258,0.514,0.905,-0.225,False,0.685,NOISE,255,0.772,n/a,0.269,12.9,21,K=258 tried; control best-of-K OOS Sharpe 0.905; train->OOS corr +0.269 (weak persistence)
AUDUSD,donchian,"{""n"": 20}",-0.016,-4.73,-36.04,26,50.6,-1.284,-48.06,-49.69,26,46.3,258,0.514,0.905,-0.225,False,1.268,NOISE,256,0.772,n/a,0.269,12.9,21,K=258 tried; control best-of-K OOS Sharpe 0.905; train->OOS corr +0.269 (weak persistence)
GBPUSD,vol_break,"{""hold"": 10, ""k"": 0.5}",-0.622,-37.9,-42.57,352,47.3,-1.302,-41.3,-42.97,235,46.9,258,0.514,0.905,-0.225,False,0.68,NOISE,257,0.772,n/a,0.269,12.9,21,K=258 tried; control best-of-K OOS Sharpe 0.905; train->OOS corr +0.269 (weak persistence)
GBPUSD,vol_break,"{""hold"": 3, ""k"": 0.5}",-0.596,-34.56,-37.66,407,44.1,-1.434,-42.22,-44.0,266,43.5,258,0.514,0.905,-0.225,False,0.838,NOISE,258,0.772,n/a,0.269,12.9,21,K=258 tried; control best-of-K OOS Sharpe 0.905; train->OOS corr +0.269 (weak persistence)
